Departamento,Provincia,Distrito,Latitud,Longitud
CAJAMARCA,CONTUMAZA,GUZMANGO,-7.364304083,-78.9176893
CAJAMARCA,SAN PABLO,SAN LUIS,-7.15904793,-78.87308521
LAMBAYEQUE,CHICLAYO,LAGUNAS,-7.014424663,-79.67130096
LAMBAYEQUE,CHICLAYO,MONSEFU,-6.865730357,-79.85748457
LAMBAYEQUE,CHICLAYO,CAYALTI,-6.88870094,-79.5066821
LIMA,BARRANCA,BARRANCA,-10.714926,-77.68269231
LIMA,HUAURA,HUAURA,-11.00359043,-77.4452241
LIMA,OYON,COCHAMARCA,-10.88355617,-77.12792023
ANCASH,ANTONIO RAYMONDI,LLAMELLIN,-9.081830566,-77.00734458
ANCASH,HUAYLAS,PAMPAROMAS,-9.143241853,-77.95702706
ANCASH,BOLOGNESI,CAJACAY,-10.19044603,-77.34248183
ANCASH,BOLOGNESI,CANIS,-10.33445516,-77.19097938
ANCASH,BOLOGNESI,TICLLOS,-10.23247689,-77.20803417
ANCASH,SANTA,NUEVO CHIMBOTE,-9.100105628,-78.43615622
AREQUIPA,CONDESUYOS,YANAQUIHUA,-15.7019629,-73.02910968
AREQUIPA,CASTILLA,MACHAGUAY,-15.60113066,-72.47175924
AREQUIPA,CASTILLA,ORCOPAMPA,-15.11609846,-72.24849582
AREQUIPA,CASTILLA,PAMPACOLCA,-15.67077551,-72.61905898
AREQUIPA,CASTILLA,URACA,-16.26159127,-72.52557265
AREQUIPA,CAYLLOMA,LLUTA,-15.96762286,-72.01844538
AREQUIPA,CAYLLOMA,MACA,-15.73131121,-71.79727447
AREQUIPA,CAYLLOMA,MADRIGAL,-15.54134002,-71.85744275
AREQUIPA,ISLAY,PUNTA DE BOMBON,-17.16003666,-71.55072322
AREQUIPA,LA UNION,QUECHUALLA,-15.28980977,-73.07042656
AREQUIPA,LA UNION,TORO,-15.40476234,-73.01612325
AREQUIPA,AREQUIPA,VITOR,-16.48931212,-71.98780112
AREQUIPA,CAMANA,CAMANA,-16.63091405,-72.71287959
AREQUIPA,CAMANA,NICOLAS DE PIEROLA,-16.47940054,-72.63409381
AREQUIPA,AREQUIPA,CAYMA,-16.25268216,-71.45694765
AREQUIPA,AREQUIPA,POCSI,-16.49888709,-71.33217586
AREQUIPA,CARAVELI,BELLA UNION,-15.37541936,-74.76157588
AREQUIPA,AREQUIPA,AREQUIPA,-16.4066583,-71.53845996
AREQUIPA,AREQUIPA,JOSE LUIS BUSTAMANTE Y RIVERO,-16.43149162,-71.52347287
AREQUIPA,AREQUIPA,MIRAFLORES,-16.35646826,-71.47127855
AREQUIPA,AREQUIPA,SACHACA,-16.42116882,-71.57624543
AREQUIPA,AREQUIPA,MARIANO MELGAR,-16.37538466,-71.46287758
AYACUCHO,LA MAR,ANCHIHUAY,-12.95649431,-73.71272418
AYACUCHO,HUANTA,PUCACOLPA,-12.33947622,-74.38305296
HUANCAVELICA,TAYACAJA,ANDAYMARCA,-12.29854211,-74.6327374
APURIMAC,ABANCAY,CURAHUASI,-13.63885311,-72.6181195
APURIMAC,CHINCHEROS,OCOBAMBA,-13.50611704,-73.51960203
APURIMAC,ANDAHUAYLAS,PACOBAMBA,-13.53604092,-73.12969548
PIURA,MORROPON,CHALACO,-5.066345998,-79.79280968
PIURA,PAITA,COLAN,-4.930631872,-81.07094816
PIURA,PAITA,TAMARINDO,-4.837484702,-80.96262691
PIURA,AYABACA,PAIMAS,-4.636962476,-80.00532251
PIURA,AYABACA,MONTERO,-4.638348922,-79.84666986
PIURA,TALARA,LA BREA,-4.703851835,-81.10818419
PIURA,SULLANA,LANCONES,-4.419973009,-80.50274203
PIURA,TALARA,LOS ORGANOS,-4.194724994,-81.06424584
PIURA,SULLANA,BELLAVISTA,-4.889719076,-80.67427785
TACNA,TACNA,LA YARADA LOS PALOS,-18.20002202,-70.43907086
APURIMAC,CHINCHEROS,EL PORVENIR,-13.39770551,-73.55504313
APURIMAC,CHINCHEROS,ROCCHACC,-13.45558188,-73.61735308
HUANUCO,HUANUCO,SAN PABLO DE PILLAO,-9.707735827,-75.93845031
HUANUCO,MARAÑON,SANTA ROSA DE ALTO YANAJANCA,-8.789676761,-76.5085787
CAJAMARCA,CUTERVO,LA RAMADA,-6.230898653,-78.56970054
MADRE DE DIOS,TAHUAMANU,IÑAPARI,-10.96519855,-70.64991337
APURIMAC,CHINCHEROS,LOS CHANKAS,-13.39015321,-73.79139384
PUNO,SAN ROMAN,SAN MIGUEL,-15.40622872,-70.12641874
AREQUIPA,ISLAY,MOLLENDO,-16.85746963,-71.87890157
AREQUIPA,ISLAY,COCACHACRA,-16.92884428,-71.59943815
AREQUIPA,AREQUIPA,CHARACATO,-16.45774176,-71.38285968
PUNO,EL COLLAO,SANTA ROSA,-16.83579208,-69.85519746
PUNO,CHUCUITO,HUACULLANI,-16.60415099,-69.39887582
PUNO,EL COLLAO,CONDURIRI,-16.55265397,-69.63347099
PUNO,CHUCUITO,ZEPITA,-16.49459845,-69.17794689
PUNO,PUNO,CHUCUITO,-15.89092462,-69.87858151
PUNO,LAMPA,CALAPUJA,-15.31105833,-70.2364696
PUNO,AZANGARO,ACHAYA,-15.24069722,-70.17770005
PUNO,AZANGARO,CAMINACA,-15.30282511,-70.09432792
PUNO,MELGAR,SANTA ROSA,-14.57433969,-70.81201906
PUNO,PUNO,MAÑAZO,-15.88079487,-70.40861703
PUNO,LAMPA,SANTA LUCIA,-15.60145928,-70.78455367
PUNO,PUNO,HUATA,-15.62161829,-69.99779894
PUNO,LAMPA,PARATIA,-15.46754705,-70.70475578
PUNO,HUANCANE,PUSI,-15.44091938,-69.98966611
PUNO,HUANCANE,VILQUE CHICO,-15.13800593,-69.60950268
PUNO,AZANGARO,CHUPA,-15.10627759,-69.95196754
PUNO,AZANGARO,SANTIAGO DE PUPUJA,-15.0834053,-70.25035201
PUNO,LAMPA,PUCARA,-15.07946833,-70.45052782
PUNO,AZANGARO,SAN JUAN DE SALINAS,-15.000797,-70.12618909
PUNO,MELGAR,UMACHIRI,-14.87857701,-70.74898534
PUNO,MELGAR,CUPI,-14.89009646,-70.89425926
PUNO,AZANGARO,POTONI,-14.41643633,-70.09218905
PUNO,MELGAR,ANTAUTA,-14.35464635,-70.38414063
PUNO,CARABAYA,CRUCERO,-14.33638332,-69.92891435
PUNO,CARABAYA,USICAYOS,-14.14077546,-69.93830786
AREQUIPA,CAYLLOMA,TAPAY,-15.42682914,-71.93601226
ANCASH,PALLASCA,PALLASCA,-8.263448542,-78.004851
ANCASH,PALLASCA,TAUCA,-8.446069216,-78.05556827
ANCASH,POMABAMBA,POMABAMBA,-8.790369384,-77.50652627
HUANUCO,HUAMALIES,JIRCAN,-9.216587837,-76.64438639
HUANUCO,MARAÑON,HUACRACHUCO,-8.604817728,-77.17305637
HUANUCO,MARAÑON,SAN BUENAVENTURA,-8.768786382,-77.14803333
JUNIN,TARMA,HUASAHUASI,-11.12762349,-75.62573068
JUNIN,CHANCHAMAYO,CHANCHAMAYO,-11.03277698,-75.35644549
ANCASH,ANTONIO RAYMONDI,SAN JUAN DE RONTOY,-9.218430396,-77.04174042
ANCASH,ASUNCION,CHACAS,-9.205581441,-77.39759835
ANCASH,ASUNCION,ACOCHACA,-9.097208618,-77.40574774
ANCASH,CARLOS FERMIN FITZCARRALD,SAN LUIS,-9.097163461,-77.29096154
ANCASH,OCROS,SANTIAGO DE CHILCAS,-10.44015703,-77.3586726
ANCASH,RECUAY,LLACLLIN,-10.10803704,-77.58748704
ANCASH,RECUAY,PAMPAS CHICO,-10.09408305,-77.37323438
ANCASH,YUNGAY,MATACOTO,-9.17748905,-77.75896537
ANCASH,YUNGAY,QUILLO,-9.316865854,-77.94903144
ANCASH,YUNGAY,RANRAHIRCA,-9.160101589,-77.69667203
ANCASH,YUNGAY,SHUPLUY,-9.344445042,-77.78949854
ANCASH,HUAYLAS,HUALLANCA,-8.787924915,-77.91748366
ANCASH,HUAYLAS,HUATA,-9.03006908,-77.87658249
ANCASH,HUAYLAS,MATO,-8.958028255,-77.89096536
ANCASH,CARLOS FERMIN FITZCARRALD,YAUYA,-9.007665322,-77.25643537
ANCASH,HUAYLAS,SANTA CRUZ,-8.908671136,-77.72257185
ANCASH,HUAYLAS,SANTO TORIBIO,-8.846397921,-77.95249536
ANCASH,MARISCAL LUZURIAGA,ELEAZAR GUZMAN BARRON,-8.886066258,-77.22034377
ANCASH,MARISCAL LUZURIAGA,LLUMPA,-8.967480879,-77.45637337
ANCASH,MARISCAL LUZURIAGA,LUCMA,-8.925151898,-77.44517902
ANCASH,CARHUAZ,SAN MIGUEL DE ACO,-9.34392931,-77.43300143
ANCASH,CARHUAZ,SHILLA,-9.154423044,-77.56471859
ANCASH,CARHUAZ,TINCO,-9.258939425,-77.66179692
ANCASH,CARHUAZ,YUNGAR,-9.404083394,-77.63092796
ANCASH,HUARI,ANRA,-9.252511046,-76.90467141
ANCASH,OCROS,OCROS,-10.38061578,-77.36442466
ANCASH,OCROS,ACAS,-10.51830391,-77.33945752
ANCASH,PALLASCA,CONCHUCOS,-8.258111062,-77.73064442
ANCASH,PALLASCA,HUANDOVAL,-8.334568465,-77.9455977
ANCASH,PALLASCA,LLAPO,-8.515617831,-78.03028801
ANCASH,SANTA,SANTA,-8.992211682,-78.60925435
ANCASH,SIHUAS,ACOBAMBA,-8.300208554,-77.56074964
ANCASH,SIHUAS,HUAYLLABAMBA,-8.512134395,-77.53005438
ANCASH,SIHUAS,RAGASH,-8.454796818,-77.69603119
ANCASH,SIHUAS,SAN JUAN,-8.671637206,-77.62047677
ANCASH,SIHUAS,SICSIBAMBA,-8.630532178,-77.52928401
LIMA,HUAURA,AMBAR,-10.78231145,-77.26775784
LIMA,CAJATAMBO,GORGOR,-10.6216407,-76.99191087
LAMBAYEQUE,CHICLAYO,ETEN PUERTO,-6.95042146,-79.84695875
CAJAMARCA,CUTERVO,SANTO TOMAS,-6.118082149,-78.67711091
CAJAMARCA,CELENDIN,CHUMUCH,-6.570580995,-78.18705831
CAJAMARCA,CHOTA,ANGUIA,-6.337965501,-78.57580463
CAJAMARCA,CHOTA,COCHABAMBA,-6.483027898,-78.85225872
CAJAMARCA,SAN MIGUEL,CATILLUC,-6.804278025,-78.73384568
CAJAMARCA,SANTA CRUZ,ANDABAMBA,-6.664009139,-78.80972237
CAJAMARCA,SAN IGNACIO,HUARANGO,-5.096552677,-78.71529589
CAJAMARCA,SAN IGNACIO,SAN JOSE DE LOURDES,-4.916065528,-78.83187168
CAJAMARCA,JAEN,SALLIQUE,-5.625690472,-79.31242939
CAJAMARCA,JAEN,POMAHUACA,-5.875409992,-79.19502565
CAJAMARCA,JAEN,COLASAY,-5.901060805,-78.97945481
CAJAMARCA,CUTERVO,CHOROS,-5.92462141,-78.77344477
TUMBES,TUMBES,LA CRUZ,-3.671745122,-80.56640107
TUMBES,TUMBES,PAMPAS DE HOSPITAL,-3.851749084,-80.35635802
TUMBES,TUMBES,SAN JUAN DE LA VIRGEN,-3.658590912,-80.36291888
TUMBES,CONTRALMIRANTE VILLAR,CASITAS,-4.033834693,-80.65927502
TUMBES,ZARUMILLA,MATAPALO,-3.767626939,-80.22853961
CAJAMARCA,CUTERVO,SANTA CRUZ,-6.106339827,-78.84144595
CAJAMARCA,CHOTA,CHOROPAMPA,-6.37006436,-78.36904224
CAJAMARCA,CHOTA,LLAMA,-6.539017699,-79.17290587
CAJAMARCA,CHOTA,MIRACOSTA,-6.357827347,-79.30263684
CAJAMARCA,CHOTA,PACCHA,-6.533927079,-78.39807866
CAJAMARCA,CHOTA,QUEROCOTO,-6.352215883,-79.09294473
CAJAMARCA,CHOTA,SAN JUAN DE LICUPIS,-6.484364326,-79.24551868
CAJAMARCA,SANTA CRUZ,LA ESPERANZA,-6.620916571,-78.85937918
LIMA,LIMA,LIMA,-12.05105543,-77.04903773
LIMA,LIMA,MIRAFLORES,-12.12079339,-77.02908841
LIMA,LIMA,MAGDALENA DEL MAR,-12.09457817,-77.06701479
LIMA,LIMA,SAN LUIS,-12.07410485,-76.99729845
LIMA,LIMA,SANTA ANITA,-12.04323558,-76.96325301
LIMA,LIMA,SURQUILLO,-12.11340137,-77.0129896
LIMA,LIMA,BREÑA,-12.05914411,-77.05063665
LIMA,LIMA,SANTA ROSA,-11.80488662,-77.16332166
HUANUCO,HUANUCO,AMARILIS,-9.95024018,-76.18822506
HUANUCO,HUANUCO,YARUMAYO,-9.955819511,-76.44014374
HUANUCO,HUANUCO,QUISQUI (KICHKI),-9.869240389,-76.42080606
HUANUCO,DOS DE MAYO,PACHAS,-9.691975191,-76.8307409
HUANUCO,LAURICOCHA,SAN MIGUEL DE CAURI,-10.29893229,-76.6375887
HUANUCO,DOS DE MAYO,YANAS,-9.714660423,-76.73153472
HUANUCO,HUANUCO,MARGOS,-10.06323654,-76.53319008
HUANUCO,AMBO,CONCHAMARCA,-10.04868412,-76.20959432
HUANUCO,AMBO,SAN FRANCISCO,-10.33239011,-76.28733136
HUANUCO,AMBO,TOMAY KICHWA,-10.06487436,-76.17914646
HUANUCO,DOS DE MAYO,LA UNION,-9.907891708,-76.7946952
HUANUCO,PACHITEA,MOLINO,-9.99639121,-76.05807746
HUANUCO,YAROWILCA,CHAVINILLO,-9.808069578,-76.551288
HUANUCO,HUAMALIES,MIRAFLORES,-9.449630786,-76.87103738
HUANUCO,PUERTO INCA,CODO DEL POZUZO,-9.634363837,-75.46653863
HUANUCO,HUACAYBAMBA,CANCHABAMBA,-8.847417922,-77.10775722
HUANUCO,HUACAYBAMBA,COCHABAMBA,-9.097574285,-76.62639119
HUANUCO,MARAÑON,CHOLON,-8.658133635,-76.74104765
LORETO,UCAYALI,INAHUAYA,-7.04088987,-75.29983098
APURIMAC,ANDAHUAYLAS,PACUCHA,-13.59819147,-73.30929084
CUSCO,CHUMBIVILCAS,COLQUEMARCA,-14.23772167,-72.0146324
CUSCO,CHUMBIVILCAS,LLUSCO,-14.46234825,-72.23649132
CUSCO,CHUMBIVILCAS,QUIÑOTA,-14.37723065,-72.20523904
CUSCO,CANAS,KUNTURKANKI,-14.55234396,-71.2911718
CUSCO,CANAS,LANGUI,-14.38534011,-71.29740196
CUSCO,CANAS,TUPAC AMARU,-14.15101136,-71.52705235
CUSCO,ACOMAYO,ACOPIA,-14.0470704,-71.50646592
CUSCO,ACOMAYO,MOSOC LLACTA,-14.10061615,-71.47894112
CUSCO,CHUMBIVILCAS,SANTO TOMAS,-14.65079696,-72.20870689
AYACUCHO,PAUCAR DEL SARA SARA,SARA SARA,-15.26002857,-73.4594918
AYACUCHO,PAUCAR DEL SARA SARA,SAN JOSE DE USHUA,-15.2235445,-73.19613245
AYACUCHO,PAUCAR DEL SARA SARA,PARARCA,-15.2057223,-73.45231325
AYACUCHO,PAUCAR DEL SARA SARA,SAN JAVIER DE ALPABAMBA,-15.04820957,-73.29438826
AYACUCHO,PAUCAR DEL SARA SARA,MARCABAMBA,-15.09172595,-73.37915888
AYACUCHO,SUCRE,SAN SALVADOR DE QUIJE,-13.98327064,-73.71776385
LIMA,HUARAL,LAMPIAN,-11.24733246,-76.86383246
LIMA,HUARAL,SAN MIGUEL DE ACOS,-11.29297049,-76.76750344
LIMA,HUARAL,SANTA CRUZ DE ANDAMARCA,-11.14701877,-76.56552186
LIMA,YAUYOS,AZANGARO,-13.0090799,-75.82556318
LIMA,YAUYOS,CARANIA,-12.3558661,-75.88164012
LIMA,YAUYOS,HUAMPARA,-12.35429549,-76.19059887
LIMA,YAUYOS,HUANCAYA,-12.09036503,-75.83480018
LIMA,YAUYOS,HUANTAN,-12.51306806,-75.70407842
LIMA,YAUYOS,LARAOS,-12.38449007,-75.67619131
LIMA,YAUYOS,MIRAFLORES,-12.23464186,-75.88921587
LIMA,YAUYOS,OMAS,-12.47630306,-76.2507972
LIMA,YAUYOS,QUINOCAY,-12.35063816,-76.28431739
LIMA,YAUYOS,SAN PEDRO DE PILAS,-12.49298324,-76.18609335
LIMA,YAUYOS,VITIS,-12.16953869,-75.85742054
CALLAO,CALLAO,VENTANILLA,-11.87915492,-77.13087433
CUSCO,CUSCO,SAN SEBASTIAN,-13.53321682,-71.92576226
CALLAO,CALLAO,CARMEN DE LA LEGUA REYNOSO,-12.04282117,-77.09049436
CALLAO,CALLAO,CALLAO,-12.01653505,-77.12162923
CALLAO,CALLAO,BELLAVISTA,-12.05999971,-77.10994618
ICA,CHINCHA,SUNAMPE,-13.42688985,-76.16284275
ICA,CHINCHA,PUEBLO NUEVO,-13.25845528,-76.0888847
LIMA,LIMA,SAN JUAN DE MIRAFLORES,-12.15782036,-76.96652384
LIMA,LIMA,SANTIAGO DE SURCO,-12.12722618,-76.98451881
LIMA,LIMA,VILLA EL SALVADOR,-12.21917489,-76.94544131
LIMA,LIMA,EL AGUSTINO,-12.04012476,-76.98754193
LIMA,LIMA,LOS OLIVOS,-11.97251865,-77.07437769
ANCASH,CORONGO,BAMBAS,-8.60481091,-78.0468559
ANCASH,CORONGO,CUSCA,-8.523293931,-77.78893289
ANCASH,CORONGO,LA PAMPA,-8.678118117,-77.89299305
ANCASH,CORONGO,YANAC,-8.625091273,-77.84715171
CAJAMARCA,CAJAMARCA,CHETILLA,-7.142505047,-78.65402852
CAJAMARCA,CAJAMARCA,COSPAN,-7.453029079,-78.51686524
ANCASH,HUARI,HUANTAR,-9.46782596,-77.2361654
ANCASH,HUARI,MASIN,-9.331620179,-77.09253737
ANCASH,HUARI,RAHUAPAMPA,-9.355630666,-77.06271083
ANCASH,HUARI,SAN MARCOS,-9.628151769,-77.09189664
ANCASH,HUARMEY,COCHAPETI,-9.985848407,-77.69227248
ANCASH,HUAYLAS,PUEBLO LIBRE,-9.148707386,-77.81872213
ANCASH,ANTONIO RAYMONDI,CHINGAS,-9.139328435,-77.00743961
ANCASH,BOLOGNESI,AQUIA,-9.96578785,-77.13096598
ANCASH,BOLOGNESI,HUALLANCA,-9.917183021,-76.94381414
ANCASH,CARHUAZ,ACOPAMPA,-9.290033606,-77.61000982
ANCASH,HUARAZ,LA LIBERTAD,-9.636772487,-77.71788433
ANCASH,AIJA,CORIS,-9.807592996,-77.79614707
ANCASH,AIJA,HUACLLAN,-9.786084205,-77.67874421
JUNIN,CHUPACA,CHUPACA,-12.07092353,-75.28606836
JUNIN,CHUPACA,HUACHAC,-12.03558917,-75.34265264
JUNIN,HUANCAYO,QUICHUAY,-11.84560374,-75.24866768
JUNIN,JAUJA,PARCO,-11.82061641,-75.54060165
JUNIN,JAUJA,CANCHAYLLO,-11.9149666,-75.80000614
JUNIN,JAUJA,JANJAILLO,-11.7656306,-75.61871906
JUNIN,JAUJA,MASMA CHICCHE,-11.77496388,-75.36466197
JUNIN,JAUJA,CURICACA,-11.7684415,-75.66916024
JUNIN,YAULI,CHACAPALPA,-11.72462318,-75.8212407
JUNIN,YAULI,YAULI,-11.70962175,-76.09813865
JUNIN,YAULI,SANTA ROSA DE SACCO,-11.55760365,-75.98645408
JUNIN,TARMA,TARMA,-11.45555348,-75.75877668
JUNIN,YAULI,PACCHA,-11.4401201,-75.99227329
JUNIN,TARMA,LA UNION,-11.36098861,-75.82263199
JUNIN,TARMA,ACOBAMBA,-11.34913451,-75.65683102
JUNIN,TARMA,PALCA,-11.31713999,-75.50516259
JUNIN,SATIPO,SATIPO,-11.17959966,-74.61185334
JUNIN,SATIPO,RIO NEGRO,-11.10317202,-74.69096781
JUNIN,CHANCHAMAYO,VITOC,-11.26501842,-75.23660295
JUNIN,CHANCHAMAYO,SAN RAMON,-11.15680082,-75.40508936
JUNIN,JUNIN,ONDORES,-11.09141657,-76.1819948
LIMA,CAÑETE,QUILMANA,-12.86956875,-76.34527691
LIMA,HUARAL,HUARAL,-11.38708314,-77.17110498
LIMA,HUARAL,CHANCAY,-11.50113072,-77.29183287
LIMA,HUARAL,SUMBILCA,-11.3943984,-76.85542526
LIMA,HUAROCHIRI,ANTIOQUIA,-12.0615574,-76.58912179
LIMA,HUAROCHIRI,CALLAHUANCA,-11.81370606,-76.57530353
LIMA,HUAROCHIRI,HUAROCHIRI,-12.06945763,-76.27257383
LIMA,LIMA,CARABAYLLO,-11.80742265,-76.97295461
LIMA,LIMA,PUCUSANA,-12.46623572,-76.77598778
LIMA,LIMA,PUNTA NEGRA,-12.30362425,-76.70943138
AYACUCHO,VICTOR FAJARDO,CANARIA,-13.96154962,-73.99455613
AYACUCHO,PARINACOCHAS,PACAPAUSA,-14.95198088,-73.36302834
AYACUCHO,LUCANAS,SAISA,-14.95588391,-74.37448488
AYACUCHO,LUCANAS,SAN CRISTOBAL,-14.79178324,-74.25435764
AYACUCHO,LUCANAS,SAN JUAN,-14.65399177,-74.18640315
AYACUCHO,LUCANAS,OTOCA,-14.4921395,-74.66021074
AYACUCHO,LUCANAS,LLAUTA,-14.24978922,-74.94054703
AYACUCHO,SUCRE,SAN PEDRO DE LARCAY,-14.28350286,-73.58958282
AYACUCHO,SUCRE,HUACAÑA,-14.21412834,-73.86466803
AYACUCHO,SUCRE,MORCOLLA,-14.15475913,-73.83445945
AYACUCHO,SUCRE,QUEROBAMBA,-13.99481661,-73.80482787
AYACUCHO,SUCRE,PAICO,-14.01259104,-73.66659058
AYACUCHO,SUCRE,CHILCAYOC,-13.89123797,-73.72176036
AYACUCHO,VILCAS HUAMAN,INDEPENDENCIA,-13.87565658,-73.85847078
AYACUCHO,VICTOR FAJARDO,CAYARA,-13.79284605,-73.98867875
AYACUCHO,VICTOR FAJARDO,SARHUA,-13.69028487,-74.40984006
CUSCO,PARURO,PILLPINTO,-13.97482586,-71.76914408
CUSCO,PARURO,YAURISQUE,-13.65091765,-71.91259039
CUSCO,PARURO,ACCHA,-13.98849372,-71.86264667
CUSCO,CANAS,YANAOCA,-14.27377937,-71.44204383
CUSCO,QUISPICANCHI,CUSIPATA,-13.88597476,-71.43791715
CUSCO,CANCHIS,SAN PABLO,-14.15176207,-71.0876044
CUSCO,CANCHIS,TINTA,-14.15874098,-71.39229802
CUSCO,ESPINAR,OCORURO,-15.08789735,-71.1389931
HUANCAVELICA,HUAYTARA,SAN ISIDRO,-13.97355912,-75.23443482
HUANCAVELICA,HUAYTARA,OCOYO,-14.02329338,-75.03480771
HUANCAVELICA,HUAYTARA,QUERCO,-13.88286554,-74.88272399
HUANCAVELICA,HUAYTARA,AYAVI,-13.71458606,-75.36826048
ICA,PALPA,RIO GRANDE,-14.34570374,-75.14757056
ICA,PISCO,PISCO,-13.70180973,-76.19177906
ICA,PALPA,SANTA CRUZ,-14.47119624,-75.25769898
ICA,ICA,PACHACUTEC,-14.16041081,-75.65166225
AYACUCHO,HUAMANGA,ACOCRO,-13.30429853,-74.02095628
AYACUCHO,HUAMANGA,TAMBILLO,-13.1902248,-74.14217035
AYACUCHO,HUAMANGA,SANTIAGO DE PISCHA,-13.07471637,-74.36417851
CUSCO,ANTA,HUAROCONDO,-13.3696553,-72.27670568
CUSCO,ANTA,ANTA,-13.48790867,-72.15997674
CUSCO,CALCA,LAMAY,-13.32206092,-71.88108824
CUSCO,URUBAMBA,MARAS,-13.33700255,-72.16218549
CUSCO,CUSCO,SAN JERONIMO,-13.55739601,-71.8674559
CUSCO,PAUCARTAMBO,CHALLABAMBA,-13.13928181,-71.76931073
CUSCO,LA CONVENCION,PICHARI,-12.3681386,-73.81034846
CUSCO,LA CONVENCION,SANTA ANA,-12.87681055,-72.74337295
CUSCO,LA CONVENCION,MEGANTONI,-11.7511334,-72.85891535
CUSCO,LA CONVENCION,HUAYOPATA,-13.05095322,-72.4732856
CUSCO,LA CONVENCION,OCOBAMBA,-12.91632127,-72.36204428
CUSCO,LA CONVENCION,VILCABAMBA,-13.05354236,-73.05119471
CUSCO,URUBAMBA,MACHUPICCHU,-13.20147139,-72.50015892
CUSCO,PAUCARTAMBO,KOSÑIPATA,-13.04505464,-71.46351662
CUSCO,URUBAMBA,URUBAMBA,-13.24494359,-72.1312676
CUSCO,ANTA,ANCAHUASI,-13.46162537,-72.32222968
CUSCO,ANTA,CACHIMAYO,-13.46350109,-72.05538733
AYACUCHO,HUAMANGA,VINCHOS,-13.3062983,-74.45643722
AYACUCHO,LA MAR,ORONCCOY,-13.34632723,-73.39260947
AYACUCHO,LA MAR,CHILCAS,-13.16861001,-73.86603934
AYACUCHO,HUAMANGA,AYACUCHO,-13.13456238,-74.25208816
AYACUCHO,HUAMANGA,JESUS NAZARENO,-13.12188979,-74.20856388
AYACUCHO,HUAMANGA,SAN JOSE DE TICLLAS,-13.12511218,-74.32642058
AYACUCHO,LA MAR,ANCO,-13.06471223,-73.64334854
AYACUCHO,HUANTA,HUAMANGUILLA,-12.99265472,-74.1589467
AYACUCHO,HUANTA,IGUAIN,-12.98308288,-74.21823494
CUSCO,PAUCARTAMBO,COLQUEPATA,-13.40303464,-71.65422693
CUSCO,CALCA,SAN SALVADOR,-13.48821465,-71.77420288
CUSCO,QUISPICANCHI,OCONGATE,-13.68767485,-71.26896132
CUSCO,QUISPICANCHI,OROPESA,-13.57409035,-71.7886512
HUANCAVELICA,CASTROVIRREYNA,TICRAPO,-13.41806436,-75.40974361
HUANCAVELICA,CASTROVIRREYNA,MOLLEPAMPA,-13.29188754,-75.43199343
HUANCAVELICA,CASTROVIRREYNA,ARMA,-13.11048477,-75.51114858
HUANCAVELICA,CASTROVIRREYNA,TANTARA,-13.12655949,-75.62136142
HUANCAVELICA,CASTROVIRREYNA,AURAHUA,-12.95667182,-75.44279534
HUANCAVELICA,CASTROVIRREYNA,SANTA ANA,-13.08816317,-75.13118049
HUANCAVELICA,ANGARAES,LIRCAY,-13.10373233,-74.73754655
HUANCAVELICA,ANGARAES,CCOCHACCASA,-12.93505737,-74.805184
HUANCAVELICA,ANGARAES,ANCHONGA,-12.88732403,-74.70603859
HUANCAVELICA,ACOBAMBA,CAJA,-12.87287923,-74.47342049
HUANCAVELICA,ANGARAES,HUANCA-HUANCA,-12.96479976,-74.62646493
HUANCAVELICA,ANGARAES,CHINCHO,-12.98476787,-74.34319045
HUANCAVELICA,ACOBAMBA,ANTA,-12.81728126,-74.66384792
HUANCAVELICA,TAYACAJA,ÑAHUIMPUQUIO,-12.32918683,-75.09110537
HUANCAVELICA,TAYACAJA,QUISHUAR,-12.24978052,-74.76720263
HUANCAVELICA,TAYACAJA,SALCABAMBA,-12.19490663,-74.78322004
HUANCAVELICA,TAYACAJA,SALCAHUASI,-12.10650716,-74.75144066
HUANCAVELICA,CHURCAMPA,CHURCAMPA,-12.71049794,-74.38487676
HUANCAVELICA,TAYACAJA,QUICHUAS,-12.46782632,-74.72739328
HUANCAVELICA,CHURCAMPA,ANCO,-12.64353316,-74.56305347
ICA,PISCO,HUANCANO,-13.55519135,-75.61591071
JUNIN,HUANCAYO,HUANCAN,-12.11051721,-75.20409806
JUNIN,HUANCAYO,HUANCAYO,-11.99332321,-75.07127997
JUNIN,CONCEPCION,CONCEPCION,-11.91246164,-75.31351516
JUNIN,HUANCAYO,INGENIO,-11.85373644,-75.22295627
JUNIN,CONCEPCION,NUEVE DE JULIO,-11.8898987,-75.31462717
JUNIN,HUANCAYO,SICAYA,-12.01905766,-75.287509
JUNIN,HUANCAYO,HUALHUAS,-11.96797554,-75.24412038
JUNIN,CONCEPCION,ACO,-11.95533655,-75.39707968
JUNIN,HUANCAYO,HUASICANCHA,-12.37122381,-75.28608902
JUNIN,HUANCAYO,CHONGOS ALTO,-12.48565779,-75.43725244
JUNIN,HUANCAYO,CULLHUAS,-12.2517931,-75.15470286
JUNIN,HUANCAYO,HUACRAPUQUIO,-12.18669986,-75.20935092
JUNIN,HUANCAYO,CHUPURO,-12.20982895,-75.24113228
ANCASH,SANTA,COISHCO,-9.027582498,-78.61845191
AMAZONAS,UTCUBAMBA,CUMBA,-5.9167249,-78.60770745
AMAZONAS,CONDORCANQUI,NIEVA,-4.84542432,-77.93037318
AMAZONAS,CHACHAPOYAS,BALSAS,-6.807726336,-77.94916585
AMAZONAS,CHACHAPOYAS,LEIMEBAMBA,-6.808897245,-77.79870703
AMAZONAS,CHACHAPOYAS,MARISCAL CASTILLA,-6.578903151,-77.77000231
AMAZONAS,CHACHAPOYAS,MONTEVIDEO,-6.628106222,-77.71837791
AMAZONAS,RODRIGUEZ DE MENDOZA,LIMABAMBA,-6.553079363,-77.57603116
AMAZONAS,RODRIGUEZ DE MENDOZA,HUAMBO,-6.435571363,-77.53056435
AMAZONAS,CHACHAPOYAS,MAGDALENA,-6.420566007,-77.82381736
AMAZONAS,LUYA,LONGUITA,-6.40730433,-78.0048091
AMAZONAS,RODRIGUEZ DE MENDOZA,SAN NICOLAS,-6.372806139,-77.43895777
AMAZONAS,RODRIGUEZ DE MENDOZA,TOTORA,-6.491350711,-77.46715681
AMAZONAS,LUYA,COLCAMAR,-6.310031521,-78.01063894
AMAZONAS,LUYA,PROVIDENCIA,-6.307571485,-78.29184788
AMAZONAS,CHACHAPOYAS,SOLOCO,-6.309114251,-77.7463538
AMAZONAS,CHACHAPOYAS,CHETO,-6.297969692,-77.67716636
AMAZONAS,CHACHAPOYAS,SONCHE,-6.175973981,-77.79640453
AMAZONAS,CHACHAPOYAS,HUANCAS,-6.156145011,-77.87497918
AMAZONAS,LUYA,CONILA,-6.126534798,-78.19119414
AMAZONAS,CHACHAPOYAS,QUINJALCA,-6.108160943,-77.68549065
AMAZONAS,BONGARA,VALERA,-6.080633898,-77.86917134
PASCO,PASCO,CHAUPIMARCA,-10.70116949,-76.24658873
PASCO,PASCO,SAN FRANCISCO DE ASIS DE YARUSYACAN,-10.55271199,-76.22831521
PASCO,DANIEL ALCIDES CARRION,CHACAYAN,-10.47957389,-76.39254638
PASCO,DANIEL ALCIDES CARRION,PAUCAR,-10.34087112,-76.41727997
SAN MARTIN,TOCACHE,UCHIZA,-8.358375504,-76.39773782
SAN MARTIN,TOCACHE,TOCACHE,-8.277416362,-76.54623631
SAN MARTIN,MARISCAL CACERES,CAMPANILLA,-7.65207121,-76.80913945
SAN MARTIN,BELLAVISTA,HUALLAGA,-7.294328599,-76.56867205
SAN MARTIN,HUALLAGA,TINGO DE SAPOSOA,-7.064446651,-76.65650846
SAN MARTIN,BELLAVISTA,SAN RAFAEL,-7.02649385,-76.49566931
SAN MARTIN,HUALLAGA,EL ESLABON,-6.99155538,-76.70581379
SAN MARTIN,PICOTA,SAN CRISTOBAL,-6.978509201,-76.42885228
CAJAMARCA,SAN MARCOS,JOSE SABOGAL,-7.22679216,-77.96818357
CAJAMARCA,CAJAMARCA,JESUS,-7.298309553,-78.36664692
APURIMAC,ANDAHUAYLAS,HUAYANA,-13.98959012,-73.55096819
APURIMAC,AYMARAES,CARAYBAMBA,-14.41936817,-73.09450348
APURIMAC,ANTABAMBA,SABAINO,-14.32297232,-72.98015812
APURIMAC,GRAU,VIRUNDO,-14.29105552,-72.67733564
APURIMAC,AYMARAES,CHALHUANCA,-14.29425532,-73.22928361
APURIMAC,AYMARAES,YANACA,-14.23132526,-73.1598036
APURIMAC,GRAU,SAN ANTONIO,-14.17564979,-72.60624246
APURIMAC,GRAU,PATAYPAMPA,-14.22605947,-72.75773875
APURIMAC,AYMARAES,SAÑAYCA,-14.33256634,-73.35826533
APURIMAC,GRAU,SANTA ROSA,-14.12595725,-72.66044368
APURIMAC,ANDAHUAYLAS,PAMPACHIRI,-14.29604284,-73.47852552
APURIMAC,GRAU,CHUQUIBAMBILLA,-14.11737184,-72.77462629
APURIMAC,GRAU,VILCABAMBA,-14.07864626,-72.63623394
APURIMAC,GRAU,MICAELA BASTIDAS,-14.13993137,-72.57469974
APURIMAC,ANDAHUAYLAS,POMACOCHA,-14.0962805,-73.49209823
APURIMAC,AYMARAES,HUAYLLO,-14.09793753,-73.24403296
APURIMAC,ABANCAY,CHACOCHE,-13.99742639,-72.99128875
APURIMAC,ABANCAY,PICHIRHUA,-13.78478771,-73.03173181
CAJAMARCA,CELENDIN,JORGE CHAVEZ,-6.939516151,-78.06949321
CAJAMARCA,CONTUMAZA,CHILETE,-7.256342984,-78.82166438
CAJAMARCA,CONTUMAZA,SANTA CRUZ DE TOLED,-7.327662421,-78.86339843
CAJAMARCA,CONTUMAZA,TANTARICA,-7.275311595,-78.94985202
CAJAMARCA,SAN MIGUEL,BOLIVAR,-6.975911655,-79.16248726
CAJAMARCA,SAN MIGUEL,LLAPA,-6.891372006,-78.74870377
CAJAMARCA,SAN MIGUEL,NANCHOC,-7.008517734,-79.24777479
CAJAMARCA,SAN PABLO,SAN PABLO,-7.086012132,-78.78578435
CAJAMARCA,SAN PABLO,TUMBADEN,-6.987538558,-78.67620481
LA LIBERTAD,TRUJILLO,TRUJILLO,-8.112585691,-79.02385909
LA LIBERTAD,TRUJILLO,HUANCHACO,-8.001046303,-79.0585453
LA LIBERTAD,TRUJILLO,SALAVERRY,-8.253592934,-78.89940378
LA LIBERTAD,TRUJILLO,SIMBAL,-7.918369575,-78.82708513
LA LIBERTAD,ASCOPE,ASCOPE,-7.660898805,-79.08206819
LA LIBERTAD,ASCOPE,CHICAMA,-7.804977007,-79.00822354
LA LIBERTAD,ASCOPE,PAIJAN,-7.728737063,-79.30216647
LA LIBERTAD,OTUZCO,OTUZCO,-7.848727607,-78.58211044
LA LIBERTAD,OTUZCO,HUARANCHAL,-7.690454528,-78.45173825
LA LIBERTAD,VIRU,VIRU,-8.353303695,-78.73525526
LA LIBERTAD,SANTIAGO DE CHUCO,MOLLEBAMBA,-8.127965512,-77.98081149
AMAZONAS,LUYA,SANTA CATALINA,-6.05696468,-78.09351578
AMAZONAS,RODRIGUEZ DE MENDOZA,VISTA ALEGRE,-6.207199405,-77.33422521
AMAZONAS,LUYA,SAN JERONIMO,-6.004593674,-78.04580688
AMAZONAS,BONGARA,SAN CARLOS,-5.996388688,-77.8790594
AMAZONAS,CHACHAPOYAS,ASUNCION,-5.996132538,-77.74320405
AMAZONAS,BONGARA,SHIPASBAMBA,-5.88374675,-78.05208916
AMAZONAS,BONGARA,FLORIDA,-5.823604337,-77.9592018
AMAZONAS,BONGARA,COROSHA,-5.817518774,-77.8107242
AMAZONAS,UTCUBAMBA,EL MILAGRO,-5.717310962,-78.61124594
AMAZONAS,BAGUA,EL PARCO,-5.622638264,-78.47396968
AMAZONAS,BAGUA,ARAMANGO,-5.380431148,-78.44833738
LORETO,REQUENA,MAQUIA,-6.385333155,-74.72951131
LORETO,REQUENA,SOPLIN,-6.327026438,-73.7507104
LORETO,MAYNAS,IQUITOS,-3.782273098,-73.43263144
LORETO,MAYNAS,FERNANDO LORES,-4.279124515,-73.11481464
LORETO,LORETO,URARINAS,-4.274922117,-75.48466625
LORETO,MARISCAL RAMON CASTILLA,RAMON CASTILLA,-3.677496675,-70.83613476
LORETO,MARISCAL RAMON CASTILLA,PEBAS,-3.432711778,-71.96467461
LORETO,MARISCAL RAMON CASTILLA,YAVARI,-4.477463094,-72.0331143
LORETO,REQUENA,YAQUERANA,-5.751712825,-73.34443647
LORETO,UCAYALI,VARGAS GUERRA,-6.931930051,-75.09431271
LORETO,DATEM DEL MARAÑON,MANSERICHE,-4.727596423,-77.51851187
SAN MARTIN,MARISCAL CACERES,HUICUNGO,-7.25928175,-77.32157545
SAN MARTIN,MARISCAL CACERES,PACHIZA,-6.969302937,-77.04329544
SAN MARTIN,HUALLAGA,SAPOSOA,-6.888838496,-76.87375396
SAN MARTIN,MOYOBAMBA,HABANA,-6.088901864,-77.1000937
SAN MARTIN,PICOTA,PILLUANA,-6.783422561,-76.26897005
SAN MARTIN,PICOTA,TRES UNIDOS,-6.817432586,-76.12861753
SAN MARTIN,EL DORADO,SAN JOSE DE SISA,-6.611651352,-76.72023485
SAN MARTIN,SAN MARTIN,JUAN GUERRA,-6.621258364,-76.35067927
SAN MARTIN,SAN MARTIN,LA BANDA DE SHILCAYO,-6.477259012,-76.27226772
SAN MARTIN,SAN MARTIN,MORALES,-6.508047874,-76.41699574
SAN MARTIN,LAMAS,LAMAS,-6.399060253,-76.52604198
SAN MARTIN,LAMAS,SHANAO,-6.408132842,-76.57785082
SAN MARTIN,LAMAS,TABALOSOS,-6.388650344,-76.65523782
SAN MARTIN,LAMAS,ALONSO DE ALVARADO,-6.311313776,-76.77294844
SAN MARTIN,MOYOBAMBA,SORITOR,-6.272742732,-77.0541425
SAN MARTIN,LAMAS,PINTO RECODO,-6.157751191,-76.71294248
SAN MARTIN,LAMAS,SAN ROQUE DE CUMBAZA,-6.203746265,-76.53856237
SAN MARTIN,MOYOBAMBA,MOYOBAMBA,-5.768325411,-77.1699048
SAN MARTIN,RIOJA,PARDO MIGUEL,-5.748707121,-77.63414666
CAJAMARCA,CUTERVO,CALLAYUC,-6.127410967,-78.93094685
LIMA,HUAROCHIRI,MARIATANA,-12.26163693,-76.3653203
LIMA,HUAROCHIRI,SAN BARTOLOME,-11.9140806,-76.5014098
LIMA,HUAROCHIRI,SAN JUAN DE IRIS,-11.7189686,-76.46909066
LIMA,HUAROCHIRI,SAN MATEO,-11.81978469,-76.21898285
LIMA,HUAROCHIRI,SAN PEDRO DE HUANCAYRE,-12.08670915,-76.19663805
LIMA,HUAROCHIRI,SANTIAGO DE TUNA,-11.97806168,-76.52845972
LIMA,YAUYOS,HONGOS,-12.76649359,-75.67283811
LIMA,YAUYOS,TUPE,-12.69029053,-75.73609814
LIMA,YAUYOS,VIÑAC,-12.88755923,-75.77042743
LIMA,HUARAL,ATAVILLOS BAJO,-11.34645363,-76.76105371
CAJAMARCA,SANTA CRUZ,SEXI,-6.585585015,-79.03635681
LAMBAYEQUE,CHICLAYO,JOSE LEONARDO ORTIZ,-6.739829671,-79.84258728
LAMBAYEQUE,FERREÑAFE,INCAHUASI,-6.231204726,-79.38712606
LAMBAYEQUE,CHICLAYO,PICSI,-6.716392495,-79.77257757
LAMBAYEQUE,CHICLAYO,PIMENTEL,-6.79943333,-79.9035376
LAMBAYEQUE,CHICLAYO,POMALCA,-6.781753887,-79.75903758
LAMBAYEQUE,CHICLAYO,PUCALA,-6.794629203,-79.51372625
LAMBAYEQUE,FERREÑAFE,FERREÑAFE,-6.620501803,-79.79116328
LAMBAYEQUE,FERREÑAFE,PUEBLO NUEVO,-6.62989788,-79.82443149
LAMBAYEQUE,LAMBAYEQUE,LAMBAYEQUE,-6.673957847,-79.93289762
LAMBAYEQUE,LAMBAYEQUE,MOCHUMI,-6.562819332,-79.88751511
LAMBAYEQUE,LAMBAYEQUE,SAN JOSE,-6.76605963,-79.93691491
LAMBAYEQUE,LAMBAYEQUE,TUCUME,-6.50330862,-79.87627533
CAJAMARCA,HUALGAYOC,CHUGUR,-6.685519176,-78.7076815
PIURA,SULLANA,SALITRAL,-4.83829982,-80.68325309
PIURA,SECHURA,SECHURA,-5.919468762,-80.66047746
PIURA,PIURA,LA ARENA,-5.308990826,-80.76257134
ICA,PISCO,HUMAY,-13.74408443,-75.81798549
ICA,PISCO,INDEPENDENCIA,-13.6468601,-76.01299675
TACNA,JORGE BASADRE,ILABAYA,-17.38376027,-70.57097981
TACNA,JORGE BASADRE,ITE,-17.80351618,-70.93299515
MOQUEGUA,MARISCAL NIETO,MOQUEGUA,-17.22922118,-71.06123727
MOQUEGUA,MARISCAL NIETO,SAMEGUA,-17.15667845,-70.85260041
MOQUEGUA,MARISCAL NIETO,SAN CRISTOBAL,-16.66339733,-70.6446533
MOQUEGUA,MARISCAL NIETO,TORATA,-16.99811904,-70.73832134
MOQUEGUA,GENERAL SANCHEZ CERRO,OMATE,-16.64664733,-70.96299546
MOQUEGUA,GENERAL SANCHEZ CERRO,CHOJATA,-16.45701962,-70.57125182
MOQUEGUA,GENERAL SANCHEZ CERRO,ICHUÑA,-16.18823079,-70.49471811
TACNA,TACNA,SAMA,-17.95701545,-70.66769807
TACNA,CANDARAVE,CANDARAVE,-17.04193223,-70.24785661
TACNA,CANDARAVE,CURIBAYA,-17.39413206,-70.33387802
TACNA,TACNA,ALTO DE LA ALIANZA,-17.83335609,-70.27889592
LA LIBERTAD,PACASMAYO,JEQUETEPEQUE,-7.350197441,-79.54709084
LA LIBERTAD,PACASMAYO,SAN JOSE,-7.369810823,-79.38567099
LA LIBERTAD,PATAZ,BULDIBUYO,-8.124407384,-77.38275555
LA LIBERTAD,PATAZ,CHILLIA,-8.160832703,-77.52089684
LA LIBERTAD,PATAZ,HUANCASPATA,-8.439147767,-77.26819472
LA LIBERTAD,ASCOPE,CASA GRANDE,-7.576684974,-79.19494173
LA LIBERTAD,BOLIVAR,CONDORMARCA,-7.561563487,-77.59755242
LA LIBERTAD,BOLIVAR,LONGOTEA,-7.056490728,-77.91011864
LA LIBERTAD,BOLIVAR,UCUNCHA,-7.153233773,-77.85059711
LA LIBERTAD,OTUZCO,SALPO,-8.032895517,-78.63627474
LA LIBERTAD,PACASMAYO,SAN PEDRO DE LLOC,-7.483571631,-79.40487859
LA LIBERTAD,VIRU,CHAO,-8.55989395,-78.50641369
LA LIBERTAD,SANCHEZ CARRION,HUAMACHUCO,-7.826733459,-78.04607923
LA LIBERTAD,SANTIAGO DE CHUCO,SANTIAGO DE CHUCO,-8.349140276,-78.24461234
UCAYALI,ATALAYA,RAYMONDI,-10.58617389,-73.43659508
UCAYALI,ATALAYA,TAHUANIA,-9.971436907,-73.8269402
UCAYALI,CORONEL PORTILLO,IPARIA,-9.442987914,-74.13722399
UCAYALI,PADRE ABAD,ALEXANDER VON HUMBOLDT,-8.824933496,-75.04798315
UCAYALI,PADRE ABAD,IRAZOLA,-8.950507628,-75.27990782
UCAYALI,CORONEL PORTILLO,MASISEA,-8.955912294,-73.68654282
UCAYALI,PADRE ABAD,NESHUYA,-8.641301423,-75.04903205
UCAYALI,CORONEL PORTILLO,MANANTAY,-8.538430865,-74.50916388
UCAYALI,CORONEL PORTILLO,CALLERIA,-7.965052106,-74.16019127
CAJAMARCA,SAN MARCOS,PEDRO GALVEZ,-7.329158471,-78.1712484
CAJAMARCA,CELENDIN,JOSE GALVEZ,-6.919895543,-78.15877472
HUANCAVELICA,HUANCAVELICA,MARISCAL CACERES,-12.5479208,-74.93530604
ANCASH,BOLOGNESI,HUAYLLACAYAN,-10.24694289,-77.41077316
AREQUIPA,CASTILLA,VIRACO,-15.61637353,-72.56690244
AREQUIPA,CAYLLOMA,CABANACONDE,-15.67463966,-71.95941092
AREQUIPA,CARAVELI,ATICO,-16.05303278,-73.53827764
AREQUIPA,CARAVELI,CAHUACHO,-15.54064725,-73.43175804
AREQUIPA,CARAVELI,CHAPARRA,-15.82485648,-73.94516508
AREQUIPA,AREQUIPA,POLOBAYA,-16.641987,-71.3574227
PIURA,SULLANA,MIGUEL CHECA,-5.048535326,-80.78842385
PIURA,SULLANA,SULLANA,-4.825503875,-80.54615281
PIURA,PAITA,LA HUACA,-5.065462814,-80.9131599
PUNO,YUNGUYO,CUTURAPI,-16.29308571,-69.18056823
PUNO,EL COLLAO,PILCUYO,-16.09582883,-69.50862291
PUNO,PUNO,SAN ANTONIO,-16.08027615,-70.30236042
PUNO,EL COLLAO,ILAVE,-16.24020841,-69.67808561
CUSCO,ESPINAR,ALTO PICHIGUA,-14.73792048,-71.22266368
ICA,ICA,SALAS,-13.92176022,-75.87577714
ICA,ICA,SAN JOSE DE LOS MOLINOS,-13.88206284,-75.61241346
CUSCO,ANTA,ZURITE,-13.46572281,-72.24661937
CUSCO,PAUCARTAMBO,CAICAY,-13.56430664,-71.67644853
AYACUCHO,HUANTA,HUANTA,-12.91203364,-74.21145372
AYACUCHO,HUANTA,AYAHUANCO,-12.53149391,-74.30536314
AYACUCHO,HUANTA,SIVIA,-12.6038242,-73.9964475
AYACUCHO,LA MAR,LUIS CARRANZA,-13.23938067,-73.89100413
HUANCAVELICA,TAYACAJA,TINTAY PUNCU,-12.17711809,-74.50397384
HUANCAVELICA,TAYACAJA,HUACHOCOLPA,-12.0566577,-74.54581287
HUANCAVELICA,TAYACAJA,ACOSTAMBO,-12.41268218,-75.01176004
HUANCAVELICA,HUAYTARA,HUAYTARA,-13.65354428,-75.3927504
HUANCAVELICA,HUAYTARA,QUITO-ARMA,-13.53863901,-75.40601348
HUANCAVELICA,HUAYTARA,PILPICHACA,-13.40954563,-74.94620222
APURIMAC,AYMARAES,TORAYA,-14.0246553,-73.31372725
LORETO,MAYNAS,MAZAN,-2.993719211,-73.75215334
LORETO,ALTO AMAZONAS,BALSAPUERTO,-5.737626573,-76.58661818
LORETO,LORETO,PARINARI,-5.038945723,-74.86356305
LORETO,LORETO,TROMPETEROS,-3.1963235,-75.83687815
LORETO,PUTUMAYO,PUTUMAYO,-2.468829358,-72.78391016
LORETO,MAYNAS,TORRES CAUSANA,-1.388879843,-74.89289474
LORETO,MAYNAS,BELEN,-3.811598489,-73.21197783
LORETO,PUTUMAYO,TENIENTE MANUEL CLAVERO,-0.6553147478,-74.73161498
LORETO,ALTO AMAZONAS,YURIMAGUAS,-5.845879927,-76.16158196
CAJAMARCA,JAEN,SAN FELIPE,-5.786480121,-79.31021484
TACNA,TARATA,ESTIQUE,-17.6237011,-70.02511155
ANCASH,RECUAY,RECUAY,-9.706464962,-77.44743019
ANCASH,SANTA,MORO,-9.163291201,-78.12397128
HUANUCO,HUANUCO,SAN FRANCISCO DE CAYRAN,-9.99675481,-76.33052861
APURIMAC,ANDAHUAYLAS,KISHUARA,-13.66525219,-73.16247935
CUSCO,CUSCO,CCORCA,-13.58956532,-72.08710679
ANCASH,BOLOGNESI,CHIQUIAN,-10.17817126,-77.17923709
JUNIN,JAUJA,MOLINOS,-11.59421671,-75.33927301
JUNIN,CONCEPCION,COMAS,-11.66549864,-75.04898582
JUNIN,JAUJA,POMACANCHA,-11.63289051,-75.68917602
MADRE DE DIOS,TAMBOPATA,LABERINTO,-12.51332197,-69.92334861
MADRE DE DIOS,TAMBOPATA,LAS PIEDRAS,-12.00368976,-69.53930947
MADRE DE DIOS,TAHUAMANU,TAHUAMANU,-11.67963087,-69.53199443
MADRE DE DIOS,TAHUAMANU,IBERIA,-11.43509365,-69.67927252
LIMA,CAÑETE,CHILCA,-12.42981709,-76.62994252
HUANCAVELICA,HUAYTARA,SAN FRANCISCO DE SANGAYAICO,-13.78194718,-75.28077486
LAMBAYEQUE,CHICLAYO,NUEVA ARICA,-6.931293918,-79.37080893
AREQUIPA,CAYLLOMA,TUTI,-15.48306675,-71.59761352
AREQUIPA,CAYLLOMA,MAJES,-16.35285082,-72.29636987
AREQUIPA,CONDESUYOS,CHUQUIBAMBA,-16.04338021,-72.7208599
AREQUIPA,CONDESUYOS,ANDARAY,-15.85253078,-72.84395248
AREQUIPA,CONDESUYOS,SALAMANCA,-15.40616713,-72.69744348
AREQUIPA,CASTILLA,TIPAN,-15.75076776,-72.49968363
PIURA,HUANCABAMBA,EL CARMEN DE LA FRONTERA,-5.024077978,-79.36571819
PUNO,HUANCANE,HUATASANI,-15.01893017,-69.79961624
PUNO,AZANGARO,JOSE DOMINGO CHOQUEHUANCA,-15.02999534,-70.3227288
AYACUCHO,CANGALLO,LOS MOROCHUCOS,-13.49422596,-74.22566149
AYACUCHO,VILCAS HUAMAN,VISCHONGO,-13.55371079,-74.01369109
AYACUCHO,CANGALLO,CHUSCHI,-13.49313071,-74.43620542
AMAZONAS,UTCUBAMBA,BAGUA GRANDE,-5.838841929,-78.43999983
PASCO,DANIEL ALCIDES CARRION,VILCABAMBA,-10.53577457,-76.44799217
PASCO,DANIEL ALCIDES CARRION,YANAHUANCA,-10.56290519,-76.57244654
PASCO,OXAPAMPA,OXAPAMPA,-10.6504221,-75.37082114
PASCO,OXAPAMPA,VILLA RICA,-10.6341979,-75.17591413
PASCO,OXAPAMPA,HUANCABAMBA,-10.39049305,-75.6386674
PASCO,OXAPAMPA,POZUZO,-10.13271851,-75.58627194
LIMA,HUAURA,HUALMAY,-11.09277772,-77.60695152
LIMA,YAUYOS,CACRA,-12.76622586,-75.74796848
LIMA,CANTA,HUAROS,-11.40131319,-76.5023986
UCAYALI,CORONEL PORTILLO,CAMPOVERDE,-8.520567089,-74.84550714
UCAYALI,CORONEL PORTILLO,NUEVA REQUENA,-8.163132548,-75.01476728
AMAZONAS,BAGUA,COPALLIN,-5.647704897,-78.39975671
AREQUIPA,CARAVELI,LOMAS,-15.38676192,-74.9351417
AREQUIPA,CARAVELI,YAUCA,-15.63352175,-74.42876842
AREQUIPA,CASTILLA,APLAO,-16.02723748,-72.5682329
AREQUIPA,CASTILLA,HUANCARQUI,-16.01240118,-72.36818693
CAJAMARCA,SAN MIGUEL,SAN GREGORIO,-7.117980665,-79.16097838
LAMBAYEQUE,CHICLAYO,ETEN,-6.930483384,-79.81578807
LAMBAYEQUE,CHICLAYO,SANTA ROSA,-6.880746044,-79.90425975
LIMA,OYON,CAUJUL,-10.75640129,-76.98668703
LIMA,BARRANCA,PARAMONGA,-10.48644965,-77.74216593
LIMA,BARRANCA,SUPE,-10.80961154,-77.56230614
LIMA,BARRANCA,SUPE PUERTO,-10.78524661,-77.72568019
ANCASH,BOLOGNESI,ABELARDO PARDO LEZAMETA,-10.30994905,-77.15975893
ANCASH,BOLOGNESI,COLQUIOC,-10.30139189,-77.58553422
ANCASH,BOLOGNESI,MANGAS,-10.36092794,-77.10474595
ANCASH,HUARAZ,INDEPENDENCIA,-9.471358756,-77.48471547
ANCASH,ANTONIO RAYMONDI,MIRGAS,-9.116037133,-77.11292422
ANCASH,CORONGO,CORONGO,-8.548915063,-77.9290331
AREQUIPA,CAYLLOMA,COPORAQUE,-15.59132432,-71.64122669
AREQUIPA,CAYLLOMA,HUAMBO,-15.79625036,-72.16048332
AREQUIPA,CAYLLOMA,LARI,-15.47994757,-71.76044553
AREQUIPA,LA UNION,COTAHUASI,-15.27631582,-72.86145985
AREQUIPA,LA UNION,TOMEPAMPA,-15.21326777,-72.78530306
AREQUIPA,AREQUIPA,QUEQUEÑA,-16.54417531,-71.44321303
AREQUIPA,AREQUIPA,SAN JUAN DE TARUCANI,-16.19384603,-71.0971199
AREQUIPA,AREQUIPA,SANTA ISABEL DE SIGUAS,-16.26768953,-72.06322509
AREQUIPA,AREQUIPA,SOCABAYA,-16.47364201,-71.53467983
AREQUIPA,CAMANA,JOSE MARIA QUIMPER,-16.59649026,-72.73660621
AREQUIPA,CAMANA,MARIANO NICOLAS VALCARCEL,-16.07826272,-73.1361179
AREQUIPA,CAMANA,MARISCAL CACERES,-16.4556299,-72.83225799
AREQUIPA,CAMANA,OCOÑA,-16.27798732,-73.01092148
AREQUIPA,CARAVELI,ACARI,-15.34167478,-74.55824308
CUSCO,CUSCO,WANCHAQ,-13.53168206,-71.95067644
AREQUIPA,AREQUIPA,PAUCARPATA,-16.42005016,-71.47798188
AREQUIPA,ISLAY,ISLAY,-16.87633462,-72.10223262
AYACUCHO,HUANTA,UCHURACCAY,-12.78453302,-74.09318007
CUSCO,LA CONVENCION,INKAWASI,-13.3019399,-73.20897795
CUSCO,LA CONVENCION,VILLA VIRGEN,-13.05438912,-73.33976472
APURIMAC,CHINCHEROS,CHINCHEROS,-13.5186388,-73.74817707
PIURA,HUANCABAMBA,HUANCABAMBA,-5.196885811,-79.49733114
PIURA,MORROPON,LA MATANZA,-5.367701934,-80.08286948
PIURA,PIURA,CATACAOS,-5.470512423,-80.3651408
PIURA,PIURA,PIURA,-5.081990848,-80.65852717
PIURA,AYABACA,PACAIPAMPA,-4.946452518,-79.65028296
PIURA,AYABACA,FRIAS,-4.927298845,-79.97101726
PIURA,SULLANA,IGNACIO ESCUDERO,-4.826733529,-80.88564645
PIURA,AYABACA,LAGUNAS,-4.780739897,-79.85387005
PIURA,PIURA,LAS LOMAS,-4.692129446,-80.22783801
PIURA,AYABACA,AYABACA,-4.686626182,-79.6064797
PIURA,AYABACA,SUYO,-4.461366878,-80.06272519
PIURA,TALARA,PARIÑAS,-4.498848759,-81.04352954
PIURA,TALARA,LOBITOS,-4.403017165,-81.20242492
PIURA,TALARA,MANCORA,-4.147815631,-81.00896001
AYACUCHO,HUANTA,CHACA,-12.78351872,-74.1915595
HUANUCO,LEONCIO PRADO,CASTILLO GRANDE,-9.207719722,-76.03849507
CUSCO,LA CONVENCION,ECHARATE,-12.41823039,-72.9831245
UCAYALI,ATALAYA,SEPAHUA,-11.08370383,-72.81384006
HUANUCO,LEONCIO PRADO,PUEBLO NUEVO,-9.082254384,-76.00144304
AREQUIPA,CAYLLOMA,ACHOMA,-15.82214096,-71.69584461
AREQUIPA,AREQUIPA,CHIGUATA,-16.37562733,-71.35861433
AREQUIPA,AREQUIPA,LA JOYA,-16.58843967,-71.79579954
PUNO,EL COLLAO,CAPAZO,-17.10984906,-69.70201668
PUNO,CHUCUITO,PISACOMA,-16.93126116,-69.44769514
PUNO,YUNGUYO,ANAPIA,-16.3253835,-68.87882683
PUNO,CHUCUITO,JULI,-16.32871793,-69.50292585
PUNO,LAMPA,LAMPA,-15.35598027,-70.41090311
PUNO,HUANCANE,TARACO,-15.30809564,-69.92753483
PUNO,AZANGARO,SAMAN,-15.26984836,-70.01685142
PUNO,PUNO,PUNO,-15.90500303,-70.06367707
PUNO,PUNO,PAUCARCOLLA,-15.72628839,-70.06714578
PUNO,PUNO,VILQUE,-15.78021675,-70.2631558
PUNO,PUNO,AMANTANI,-15.70475822,-69.7004329
PUNO,SAN ROMAN,CABANILLAS,-15.85336853,-70.62245723
PUNO,MOHO,TILALI,-15.49167829,-69.3420775
PUNO,LAMPA,CABANILLA,-15.56937578,-70.39008997
PUNO,SAN ROMAN,JULIACA,-15.4599002,-70.21545015
PUNO,AZANGARO,ARAPA,-15.090044,-70.08460964
PUNO,LAMPA,OCUVIRI,-15.18291752,-70.85010516
PUNO,SAN ANTONIO DE PUTINA,QUILCAPUNCU,-14.84696818,-69.63931128
PUNO,MELGAR,AYAVIRI,-14.93155484,-70.60575815
PUNO,AZANGARO,MUÑANI,-14.68576609,-69.9802697
PUNO,MELGAR,ORURILLO,-14.68627846,-70.48763652
PUNO,SANDIA,PATAMBUCO,-14.31010689,-69.6312351
PUNO,MELGAR,NUÑOA,-14.35679673,-70.67058667
PUNO,SANDIA,SANDIA,-14.29193139,-69.43696048
PUNO,SANDIA,QUIACA,-14.46727349,-69.35618992
PUNO,CARABAYA,AJOYANI,-14.17403615,-70.22689191
PUNO,SANDIA,ALTO INAMBARI,-14.0319795,-69.33441867
PUNO,CARABAYA,OLLACHEA,-13.74161434,-70.54126219
ANCASH,PALLASCA,PAMPAS,-8.138514858,-77.79885393
ANCASH,PALLASCA,SANTA ROSA,-8.568456668,-78.13844293
ANCASH,POMABAMBA,PAROBAMBA,-8.612757491,-77.39531873
HUANUCO,HUAMALIES,SINGA,-9.362765265,-76.83571096
HUANUCO,LEONCIO PRADO,RUPA-RUPA,-9.190381948,-76.10427339
HUANUCO,DOS DE MAYO,MARIAS,-9.546918859,-76.42351378
HUANUCO,HUAMALIES,JACAS GRANDE,-9.515195744,-76.66841098
HUANUCO,LEONCIO PRADO,DANIEL ALOMIA ROBLES,-9.360432253,-75.77538684
HUANUCO,HUAMALIES,ARANCAY,-9.137409784,-76.73375549
HUANUCO,AMBO,AMBO,-10.15013876,-76.14117733
HUANUCO,AMBO,CAYNA,-10.21521337,-76.37060185
HUANUCO,PUERTO INCA,TOURNAVISTA,-9.001298389,-74.86639007
JUNIN,CHANCHAMAYO,PERENE,-10.94028185,-75.07595885
JUNIN,CHANCHAMAYO,PICHANAQUI,-11.02502977,-74.86876506
JUNIN,CHANCHAMAYO,SAN LUIS DE SHUARO,-10.84328026,-75.27276689
LIMA,HUAURA,LEONCIO PRADO,-11.05080925,-76.91853999
LIMA,YAUYOS,YAUYOS,-12.47257331,-75.9551075
LIMA,YAUYOS,ALIS,-12.28878263,-75.70396486
ANCASH,CASMA,CASMA,-9.518150872,-78.22319843
ANCASH,CASMA,BUENA VISTA ALTA,-9.372987771,-78.14271068
ANCASH,OCROS,SAN PEDRO,-10.47472393,-77.56887137
ANCASH,RECUAY,COTAPARACO,-9.937555284,-77.5409314
ANCASH,YUNGAY,YUNGAY,-9.093486438,-77.66640122
ANCASH,YUNGAY,CASCAPARA,-9.316127045,-77.83271319
ANCASH,HUARAZ,COLCABAMBA,-9.576326209,-77.82164009
ANCASH,CARLOS FERMIN FITZCARRALD,SAN NICOLAS,-9.011205715,-77.16957373
ANCASH,HUAYLAS,YURACMARCA,-8.761950328,-77.74114476
ANCASH,MARISCAL LUZURIAGA,CASCA,-8.82313857,-77.38766411
ANCASH,MARISCAL LUZURIAGA,LLAMA,-8.909570894,-77.29014068
ANCASH,PALLASCA,BOLOGNESI,-8.342726645,-78.0699625
ANCASH,HUARI,HUARI,-9.32314032,-77.23289589
ANCASH,HUARI,CHAVIN DE HUANTAR,-9.655431962,-77.21172458
ANCASH,HUARI,HUACACHI,-9.308539807,-76.92963218
ANCASH,HUARI,HUACCHIS,-9.188562874,-76.80892067
ANCASH,HUARI,HUACHIS,-9.426390309,-77.07815256
ANCASH,OCROS,CONGAS,-10.31937265,-77.42408169
ANCASH,PALLASCA,HUACASCHUQUE,-8.302836651,-77.99236628
ANCASH,PALLASCA,LACABAMBA,-8.265803452,-77.90553175
ANCASH,POMABAMBA,QUINUABAMBA,-8.70232582,-77.34369441
ANCASH,SANTA,CACERES DEL PERU,-8.961001499,-78.07641492
ANCASH,SANTA,MACATE,-8.776546589,-78.12199017
ANCASH,SIHUAS,SIHUAS,-8.540291179,-77.61543489
ANCASH,SIHUAS,CASHAPAMPA,-8.587811063,-77.65320529
ANCASH,SIHUAS,CHINGALPO,-8.3628761,-77.64598364
ANCASH,SIHUAS,QUICHES,-8.3959793,-77.50975553
LIMA,CAJATAMBO,HUANCAPON,-10.52169191,-77.10893262
LIMA,CAJATAMBO,MANAS,-10.6123677,-77.22080863
LIMA,HUAURA,CHECRAS,-10.92169775,-76.85548041
LIMA,HUAURA,SANTA LEONOR,-10.96275516,-76.67122216
LIMA,CAJATAMBO,CAJATAMBO,-10.4551401,-76.94383975
LIMA,CAJATAMBO,COPA,-10.36447957,-77.02337878
LA LIBERTAD,TRUJILLO,EL PORVENIR,-8.05161327,-78.99596027
CAJAMARCA,CUTERVO,SAN JUAN DE CUTERVO,-6.174218851,-78.60009262
CAJAMARCA,CUTERVO,SAN LUIS DE LUCMA,-6.279100597,-78.57875656
CAJAMARCA,CUTERVO,SOCOTA,-6.287364699,-78.69672421
CAJAMARCA,CHOTA,CHIMBAN,-6.284590816,-78.44814489
CAJAMARCA,CHOTA,LAJAS,-6.574493223,-78.72756671
CAJAMARCA,CHOTA,PION,-6.184196218,-78.47818178
CAJAMARCA,SANTA CRUZ,SANTA CRUZ,-6.627556482,-78.94191558
CAJAMARCA,SAN IGNACIO,SAN IGNACIO,-5.140403805,-79.00789547
CAJAMARCA,JAEN,SAN JOSE DEL ALTO,-5.517367024,-79.05505799
CAJAMARCA,JAEN,CHONTALI,-5.633937331,-79.13335355
TUMBES,TUMBES,CORRALES,-3.599577125,-80.50301348
TUMBES,CONTRALMIRANTE VILLAR,CANOAS DE PUNTA SAL,-4.040987548,-80.89068454
TUMBES,ZARUMILLA,ZARUMILLA,-3.464401435,-80.30138997
CAJAMARCA,CELENDIN,CELENDIN,-6.774947189,-78.11727748
CAJAMARCA,CUTERVO,CUTERVO,-6.380199119,-78.8330009
CAJAMARCA,CUTERVO,QUEROCOTILLO,-6.196786204,-79.09163721
CAJAMARCA,HUALGAYOC,BAMBAMARCA,-6.69306775,-78.47950012
CAJAMARCA,CHOTA,CHOTA,-6.559980144,-78.64275025
CAJAMARCA,CHOTA,CHADIN,-6.439864886,-78.41279253
CAJAMARCA,CHOTA,CONCHAN,-6.470608523,-78.60245057
CAJAMARCA,SANTA CRUZ,NINABAMBA,-6.695731612,-78.76868886
LIMA,LIMA,LURIGANCHO,-11.95574569,-76.79420735
LIMA,LIMA,SAN BORJA,-12.0975356,-76.99526273
LIMA,LIMA,SAN MIGUEL,-12.07659875,-77.09008964
LIMA,LIMA,RIMAC,-12.02359745,-77.03258791
LIMA,LIMA,INDEPENDENCIA,-11.98747733,-77.04600844
LIMA,LIMA,SAN ISIDRO,-12.09900105,-77.03677239
LIMA,LIMA,BARRANCO,-12.144073,-77.02087866
AYACUCHO,HUAMANGA,ANDRES AVELINO CACERES DORREGARAY,-13.15459377,-74.20020089
JUNIN,YAULI,MOROCOCHA,-11.54454066,-76.12332403
HUANUCO,HUANUCO,HUANUCO,-9.896570951,-76.29669725
HUANUCO,HUANUCO,CHURUBAMBA,-9.685260928,-76.26572932
HUANUCO,HUANUCO,SAN PEDRO DE CHAULAN,-10.07852519,-76.42182226
HUANUCO,HUANUCO,YACUS,-9.946054455,-76.51124611
HUANUCO,DOS DE MAYO,CHUQUIS,-9.648277371,-76.6323299
HUANUCO,PACHITEA,PANAO,-10.14836142,-75.89673833
HUANUCO,YAROWILCA,CHACABAMBA,-9.900566707,-76.63213797
HUANUCO,YAROWILCA,PAMPAMARCA,-9.765885769,-76.70775403
HUANUCO,LAURICOCHA,QUEROPALCA,-10.18751412,-76.86585863
HUANUCO,LAURICOCHA,SAN FRANCISCO DE ASIS,-9.978370886,-76.62751197
HUANUCO,PACHITEA,CHAGLLA,-9.737160151,-75.79755351
HUANUCO,HUANUCO,SANTA MARIA DEL VALLE,-9.79337578,-76.31265516
HUANUCO,DOS DE MAYO,SILLAPATA,-9.793825865,-76.76686292
HUANUCO,PACHITEA,UMARI,-9.868127439,-76.0279003
HUANUCO,LAURICOCHA,BAÑOS,-10.10736975,-76.78386319
HUANUCO,LAURICOCHA,RONDOS,-9.968491966,-76.72044631
HUANUCO,HUAMALIES,MONZON,-9.331107092,-76.38787762
HUANUCO,HUAMALIES,PUNCHAO,-9.441461266,-76.83648983
HUANUCO,HUAMALIES,PUÑOS,-9.503083833,-76.89689958
HUANUCO,HUAMALIES,TANTAMAYO,-9.375572518,-76.6700221
HUANUCO,HUACAYBAMBA,HUACAYBAMBA,-8.958639021,-76.83929971
HUANUCO,PUERTO INCA,HONORIA,-8.713865044,-74.69684137
JUNIN,JUNIN,ULCUMAYO,-10.90446737,-75.68396401
HUANUCO,PUERTO INCA,YUYAPICHIS,-9.647378779,-74.99848636
LORETO,UCAYALI,CONTAMANA,-7.781158975,-75.34940347
LORETO,UCAYALI,PADRE MARQUEZ,-7.879403454,-74.91431731
SAN MARTIN,PICOTA,CASPISAPA,-6.920506408,-76.4220118
APURIMAC,COTABAMBAS,COTABAMBAS,-13.75128254,-72.34128634
APURIMAC,CHINCHEROS,URANMARCA,-13.66845913,-73.65250143
APURIMAC,ANDAHUAYLAS,SANTA MARIA DE CHICMO,-13.66115706,-73.54626955
APURIMAC,ABANCAY,TAMBURCO,-13.57813682,-72.8719639
CUSCO,CHUMBIVILCAS,CAPACMARCA,-14.04383363,-71.99348656
CUSCO,CHUMBIVILCAS,CHAMACA,-14.33442058,-71.87691331
CUSCO,CANAS,LAYO,-14.52879822,-71.09196481
CUSCO,CANCHIS,CHECACUPE,-14.00593895,-71.06678688
CUSCO,ACOMAYO,POMACANCHI,-14.0536365,-71.62389835
AYACUCHO,LUCANAS,LEONCIO PRADO,-14.67148132,-74.61572252
AYACUCHO,PAUCAR DEL SARA SARA,CORCULLA,-15.26182352,-73.21865253
AYACUCHO,PAUCAR DEL SARA SARA,PAUSA,-15.3207077,-73.35793184
AYACUCHO,PARINACOCHAS,PUYUSCA,-15.28208126,-73.5976264
AYACUCHO,PAUCAR DEL SARA SARA,OYOLO,-15.02305103,-73.11859876
AYACUCHO,PAUCAR DEL SARA SARA,COLTA,-15.12776185,-73.25057106
AYACUCHO,PARINACOCHAS,CHUMPI,-15.10581617,-73.69992846
AYACUCHO,PARINACOCHAS,SAN FRANCISCO DE RAVACAYCO,-15.00583757,-73.36319138
AYACUCHO,LUCANAS,CHAVIÑA,-14.98272517,-73.88366554
AYACUCHO,HUANCA SANCOS,SACSAMARCA,-13.98397544,-74.22256312
LIMA,HUARAL,PACARAOS,-11.12714242,-76.66484449
LIMA,YAUYOS,ALLAUCA,-12.6400707,-76.03835785
LIMA,YAUYOS,HUAÑEC,-12.2748033,-76.07949785
LIMA,YAUYOS,MADEAN,-12.96113965,-75.69833499
LIMA,YAUYOS,QUINCHES,-12.31154747,-76.09174035
LIMA,YAUYOS,TAURIPAMPA,-12.68317483,-76.18144406
CALLAO,CALLAO,LA PUNTA,-12.07166458,-77.16283145
ICA,CHINCHA,CHINCHA ALTA,-13.32453395,-76.03455428
JUNIN,HUANCAYO,EL TAMBO,-11.97195494,-75.16108842
LIMA,LIMA,PUENTE PIEDRA,-11.87208846,-77.08676868
LIMA,LIMA,SAN MARTIN DE PORRES,-11.99276597,-77.08850444
LIMA,LIMA,COMAS,-11.92909986,-77.03891613
LIMA,LIMA,LA MOLINA,-12.08799934,-76.92589846
ANCASH,CORONGO,YUPAN,-8.641490727,-77.97009542
ANCASH,OCROS,COCHAS,-10.64925607,-77.48702968
CAJAMARCA,CONTUMAZA,CUPISNIQUE,-7.373465576,-79.06657165
ANCASH,AIJA,SUCCHA,-9.838001906,-77.63576165
ANCASH,HUARI,RAPAYAN,-9.272109268,-76.77665516
ANCASH,HUARMEY,CULEBRAS,-9.822733905,-78.10360025
ANCASH,HUARMEY,HUAYAN,-9.897480906,-77.74462526
ANCASH,HUAYLAS,CARAZ,-9.022519442,-77.74977417
ANCASH,AIJA,LA MERCED,-9.703052595,-77.61542308
ANCASH,ANTONIO RAYMONDI,ACZO,-9.220128397,-76.99862086
ANCASH,ANTONIO RAYMONDI,CHACCHO,-9.027738944,-77.07204228
ANCASH,CARHUAZ,CARHUAZ,-9.293596585,-77.63963603
ANCASH,CARHUAZ,ATAQUERO,-9.29019361,-77.7292992
ANCASH,CARHUAZ,MARCARA,-9.303713503,-77.49553824
ANCASH,CARHUAZ,PARIAHUANCA,-9.35601871,-77.57419628
ANCASH,HUARAZ,HUARAZ,-9.570416218,-77.47153696
ANCASH,HUARAZ,HUANCHAY,-9.731056538,-77.81933298
ANCASH,HUARAZ,PARIACOTO,-9.481228606,-77.79461688
ANCASH,HUARAZ,TARICA,-9.392606743,-77.48202778
JUNIN,CONCEPCION,MATAHUASI,-11.8818464,-75.35743387
JUNIN,CONCEPCION,SANTA ROSA DE OCOPA,-11.86993057,-75.30684548
JUNIN,JAUJA,PACCHA,-11.8800486,-75.53342548
JUNIN,JAUJA,APATA,-11.68067411,-75.2725207
JUNIN,JAUJA,MUQUIYAUYO,-11.83504528,-75.45936413
JUNIN,JAUJA,EL MANTARO,-11.81783183,-75.39157056
JUNIN,JAUJA,HUAMALI,-11.78962905,-75.40409053
JUNIN,JAUJA,ATAURA,-11.79546433,-75.44709426
JUNIN,JAUJA,LLOCLLAPAMPA,-11.83484137,-75.62504884
JUNIN,JAUJA,HUERTAS,-11.76438393,-75.4667396
JUNIN,JAUJA,JULCAN,-11.75425547,-75.42888551
JUNIN,JAUJA,PACA,-11.68316981,-75.52845084
JUNIN,JAUJA,YAULI,-11.67884796,-75.47134691
JUNIN,JAUJA,TUNAN MARCA,-11.70682119,-75.5947375
JUNIN,YAULI,HUAY-HUAY,-11.71713683,-75.96533155
JUNIN,YAULI,LA OROYA,-11.60527027,-75.85668735
JUNIN,TARMA,HUARICOLCA,-11.52564858,-75.61697264
JUNIN,SATIPO,PAMPA HERMOSA,-11.41376209,-74.84185964
JUNIN,TARMA,TAPO,-11.42956257,-75.52841733
JUNIN,SATIPO,COVIRIALI,-11.3174656,-74.65147399
JUNIN,YAULI,MARCAPOMACOCHA,-11.40488684,-76.25769956
JUNIN,JUNIN,JUNIN,-11.18881347,-76.0119236
LIMA,CAÑETE,IMPERIAL,-13.03309176,-76.36961964
LIMA,CAÑETE,SANTA CRUZ DE FLORES,-12.54989102,-76.64620134
LIMA,HUAROCHIRI,CARAMPOMA,-11.6397024,-76.38304191
LIMA,HUAROCHIRI,CHICLA,-11.66449883,-76.24379792
LIMA,HUAROCHIRI,HUACHUPAMPA,-11.69685486,-76.59579753
LIMA,LIMA,PACHACAMAC,-12.16000118,-76.8098705
LIMA,LIMA,PUNTA HERMOSA,-12.26924514,-76.74374501
AYACUCHO,LUCANAS,SAN PEDRO,-14.97111885,-74.20793956
AYACUCHO,LUCANAS,PUQUIO,-14.67630193,-74.01628205
AYACUCHO,LUCANAS,OCAÑA,-14.42746317,-74.8471655
AYACUCHO,LUCANAS,CHIPAO,-14.47716484,-73.75741797
AYACUCHO,LUCANAS,SANTA ANA DE HUAYCAHUACHO,-14.22087346,-73.92560918
AYACUCHO,LUCANAS,AUCARA,-14.19446281,-74.15394964
AYACUCHO,SUCRE,SORAS,-14.20956095,-73.69099299
AYACUCHO,VICTOR FAJARDO,ASQUIPATA,-14.07581768,-73.93780987
AYACUCHO,VICTOR FAJARDO,APONGO,-14.06495742,-74.00685659
AYACUCHO,HUANCA SANCOS,SANTIAGO DE LUCANAMARCA,-13.82628513,-74.53292474
AYACUCHO,VICTOR FAJARDO,HUAYA,-13.87802991,-73.97919901
AYACUCHO,VICTOR FAJARDO,HUANCARAYLLA,-13.74907588,-74.16987088
AYACUCHO,VICTOR FAJARDO,COLCA,-13.71485966,-74.03793262
CUSCO,PARURO,PACCARITAMBO,-13.76867102,-71.93712977
CUSCO,PARURO,COLCHA,-13.87094201,-71.86701002
CUSCO,CANAS,CHECCA,-14.49160498,-71.47773044
CUSCO,CANAS,QUEHUE,-14.36569034,-71.48950627
CUSCO,CANCHIS,SICUANI,-14.251017,-71.10360902
CUSCO,CANCHIS,COMBAPATA,-14.0881433,-71.33415376
CUSCO,CANCHIS,MARANGANI,-14.37363301,-71.09563118
CUSCO,CANCHIS,PITUMARCA,-13.8887915,-71.15816678
CUSCO,QUISPICANCHI,LUCRE,-13.64498473,-71.7678278
CUSCO,QUISPICANCHI,QUIQUIJANA,-13.80561247,-71.53316918
CUSCO,CANCHIS,SAN PEDRO,-14.16605271,-71.33282295
CUSCO,ESPINAR,PALLPATA,-14.90735685,-71.09111551
HUANCAVELICA,HUAYTARA,SANTO DOMINGO DE CAPILLAS,-13.67122954,-75.1838167
ICA,NASCA,CHANGUILLO,-14.80167117,-75.33439616
ICA,NASCA,EL INGENIO,-14.67774596,-75.00710638
ICA,NASCA,VISTA ALEGRE,-14.92846616,-74.82800584
ICA,PALPA,PALPA,-14.48973536,-75.13157558
ICA,PALPA,LLIPATA,-14.59466072,-75.15872752
ICA,ICA,LOS AQUIJES,-14.07403205,-75.64061226
ICA,ICA,OCUCAJE,-14.48410727,-75.78075168
ICA,ICA,SAN JUAN BAUTISTA,-13.97354638,-75.73313555
APURIMAC,CHINCHEROS,RANRACANCHA,-13.54763801,-73.59630164
APURIMAC,ANDAHUAYLAS,KAQUIABAMBA,-13.51154612,-73.27940616
APURIMAC,CHINCHEROS,HUACCANA,-13.31950625,-73.73121177
AYACUCHO,HUAMANGA,SOCOS,-13.2614568,-74.28442711
CUSCO,ANTA,MOLLEPATA,-13.46358139,-72.62316101
CUSCO,URUBAMBA,CHINCHERO,-13.40938311,-72.03877794
CUSCO,CALCA,LARES,-13.08600669,-72.02603236
CUSCO,LA CONVENCION,MARANURA,-12.93756089,-72.64382184
CUSCO,LA CONVENCION,SANTA TERESA,-13.24438227,-72.73298134
CUSCO,URUBAMBA,OLLANTAYTAMBO,-13.23647272,-72.31641851
CUSCO,URUBAMBA,YUCAY,-13.29424017,-72.07322702
AYACUCHO,CANGALLO,TOTOS,-13.55616686,-74.50118492
AYACUCHO,HUAMANGA,OCROS,-13.39261726,-73.90032266
AYACUCHO,HUAMANGA,CHIARA,-13.37574771,-74.15862613
AYACUCHO,HUAMANGA,SAN JUAN BAUTISTA,-13.19592533,-74.2120367
AYACUCHO,HUAMANGA,ACOS VINCHOS,-13.12794278,-74.05560851
AYACUCHO,LA MAR,SAN MIGUEL,-13.03606498,-73.94265003
AYACUCHO,HUAMANGA,CARMEN ALTO,-13.20408778,-74.23558892
CUSCO,CALCA,PISAC,-13.38913858,-71.80834591
CUSCO,CALCA,TARAY,-13.4602192,-71.88382972
HUANCAVELICA,CASTROVIRREYNA,CAPILLAS,-13.34244798,-75.61105444
HUANCAVELICA,ANGARAES,SANTO TOMAS DE PATA,-13.14355399,-74.47099157
HUANCAVELICA,ANGARAES,SECCLLA,-13.08084029,-74.54151666
HUANCAVELICA,HUANCAVELICA,HUACHOCOLPA,-13.04589306,-74.95700507
HUANCAVELICA,CASTROVIRREYNA,CHUPAMARCA,-12.89403053,-75.52965573
HUANCAVELICA,ANGARAES,CONGALLA,-12.98180368,-74.54047625
HUANCAVELICA,ACOBAMBA,ACOBAMBA,-12.8233135,-74.56639569
HUANCAVELICA,ACOBAMBA,MARCAS,-12.87442588,-74.3977836
HUANCAVELICA,HUANCAVELICA,ACORIA,-12.59957651,-74.82352812
HUANCAVELICA,HUANCAVELICA,MANTA,-12.60876518,-75.16049931
HUANCAVELICA,HUANCAVELICA,CONAYCA,-12.51795717,-75.0398178
HUANCAVELICA,HUANCAVELICA,VILCA,-12.53302742,-75.26887898
HUANCAVELICA,HUANCAVELICA,CUENCA,-12.45990303,-75.05580177
HUANCAVELICA,TAYACAJA,ACRAQUIA,-12.39638054,-74.93926883
HUANCAVELICA,TAYACAJA,DANIEL HERNANDEZ,-12.34533895,-74.83365728
HUANCAVELICA,TAYACAJA,HUARIBAMBA,-12.26210086,-74.90889426
HUANCAVELICA,TAYACAJA,SAN MARCOS DE ROCCHAC,-12.07923982,-74.94887614
HUANCAVELICA,CHURCAMPA,COSME,-12.57051164,-74.64524137
HUANCAVELICA,CHURCAMPA,LA MERCED,-12.79490075,-74.32977894
HUANCAVELICA,CHURCAMPA,PACHAMARCA,-12.50534055,-74.46048412
HUANCAVELICA,CHURCAMPA,CHINCHIHUASI,-12.4522618,-74.569947
HUANCAVELICA,TAYACAJA,COLCABAMBA,-12.38513051,-74.70046255
ICA,CHINCHA,ALTO LARAN,-13.38219473,-75.93900419
ICA,CHINCHA,CHAVIN,-13.12026253,-75.94266723
ICA,CHINCHA,CHINCHA BAJA,-13.49667514,-76.15085337
ICA,CHINCHA,EL CARMEN,-13.5121982,-75.91538257
JUNIN,HUANCAYO,SAPALLANGA,-12.11385935,-75.13974342
JUNIN,CHUPACA,CHONGOS BAJO,-12.19483502,-75.28443279
JUNIN,CONCEPCION,CHAMBARA,-12.005608,-75.43647966
JUNIN,HUANCAYO,PARIAHUANCA,-11.95218032,-74.87697774
JUNIN,JAUJA,SINCOS,-11.94206802,-75.51311705
JUNIN,CONCEPCION,MANZANARES,-12.00188176,-75.36448618
JUNIN,HUANCAYO,SAN AGUSTIN,-11.98901207,-75.23447828
JUNIN,HUANCAYO,SAÑO,-11.95061794,-75.24688437
JUNIN,CONCEPCION,ORCOTUNA,-11.97533097,-75.32822649
JUNIN,HUANCAYO,CHACAPAMPA,-12.41042036,-75.25713282
JUNIN,HUANCAYO,CARHUACALLANGA,-12.35542968,-75.20258108
JUNIN,HUANCAYO,CHICCHE,-12.2907535,-75.29337976
JUNIN,CHUPACA,AHUAC,-12.08199943,-75.35155461
JUNIN,CHUPACA,SAN JUAN DE JARPA,-12.12349331,-75.45101725
LORETO,PUTUMAYO,YAGUAS,-2.804331678,-71.0132092
LORETO,PUTUMAYO,ROSA PANDURO,-1.558130802,-73.86599726
AMAZONAS,UTCUBAMBA,CAJARURO,-5.614312779,-78.17477938
AMAZONAS,LUYA,SAN FRANCISCO DEL YESO,-6.659019901,-77.85953166
AMAZONAS,RODRIGUEZ DE MENDOZA,CHIRIMOTO,-6.547470745,-77.4200109
AMAZONAS,RODRIGUEZ DE MENDOZA,MILPUC,-6.498658534,-77.41364533
AMAZONAS,LUYA,TINGO,-6.386865375,-77.94352546
AMAZONAS,CHACHAPOYAS,SAN ISIDRO DE MAINO,-6.35441721,-77.82256679
AMAZONAS,RODRIGUEZ DE MENDOZA,COCHAMAL,-6.386222441,-77.66544941
AMAZONAS,CHACHAPOYAS,SAN FRANCISCO DE DAGUAS,-6.232235877,-77.73357525
AMAZONAS,LUYA,CAMPORREDONDO,-6.177798041,-78.33447989
AMAZONAS,LUYA,LONYA CHICO,-6.20742905,-78.0123971
AMAZONAS,LUYA,LUYA,-6.171837691,-77.98119417
PASCO,PASCO,HUAYLLAY,-10.95197528,-76.4254457
PASCO,PASCO,TINYAHUARCO,-10.76054737,-76.24839057
PASCO,PASCO,SIMON BOLIVAR,-10.72652305,-76.41679944
PASCO,PASCO,TICLACAYAN,-10.55370995,-76.03383494
PASCO,PASCO,HUARIACA,-10.45177243,-76.15411209
PASCO,DANIEL ALCIDES CARRION,SAN PEDRO DE PILLAO,-10.41619788,-76.5359209
SAN MARTIN,TOCACHE,NUEVO PROGRESO,-8.525642808,-76.21253631
SAN MARTIN,TOCACHE,POLVORA,-8.015653951,-76.79898048
SAN MARTIN,MARISCAL CACERES,PAJARILLO,-7.315172488,-76.63547098
SAN MARTIN,MARISCAL CACERES,JUANJUI,-7.244816663,-76.76800448
SAN MARTIN,BELLAVISTA,BAJO BIAVO,-7.184167584,-76.34137799
SAN MARTIN,HUALLAGA,SACANCHE,-7.089546999,-76.76280915
SAN MARTIN,PICOTA,SAN HILARION,-6.939492315,-76.48684529
SAN MARTIN,PICOTA,SHAMBOYACU,-7.051768631,-76.09455929
SAN MARTIN,PICOTA,TINGO DE PONASA,-6.970343797,-76.21211453
SAN MARTIN,PICOTA,PICOTA,-6.964502038,-76.3315754
CAJAMARCA,SAN MARCOS,CHANCAY,-7.40943882,-78.11730811
CAJAMARCA,CAJAMARCA,LLACANORA,-7.189598586,-78.41184235
CAJAMARCA,CAJAMARCA,LOS BAÑOS DEL INCA,-7.090123269,-78.45597302
CAJAMARCA,CAJAMARCA,MAGDALENA,-7.224726029,-78.62238557
APURIMAC,AYMARAES,LUCRE,-13.91587705,-73.24545395
APURIMAC,AYMARAES,CHAPIMARCA,-14.00780602,-73.08677558
APURIMAC,AYMARAES,COLCABAMBA,-13.97693374,-73.25825886
APURIMAC,AYMARAES,COTARUSE,-14.58892003,-73.29517505
APURIMAC,COTABAMBAS,HAQUIRA,-14.27716998,-72.23058676
APURIMAC,GRAU,MAMARA,-14.2120169,-72.56679555
APURIMAC,AYMARAES,SORAYA,-14.17075122,-73.28400704
APURIMAC,COTABAMBAS,CHALLHUAHUACHO,-14.17143717,-72.31041313
APURIMAC,AYMARAES,TAPAIRIHUA,-14.10561995,-73.11793674
APURIMAC,COTABAMBAS,MARA,-14.04514128,-72.11537087
APURIMAC,AYMARAES,JUSTO APU SAHUARAURA,-14.1304393,-73.19781758
APURIMAC,ANDAHUAYLAS,CHIARA,-13.87984506,-73.61556516
APURIMAC,COTABAMBAS,COYLLURQUI,-13.91896978,-72.3952605
APURIMAC,ABANCAY,LAMBRAMA,-13.8040204,-72.78813371
APURIMAC,ANDAHUAYLAS,TURPO,-13.79059429,-73.47220459
APURIMAC,ANDAHUAYLAS,SAN ANTONIO DE CACHI,-13.78948127,-73.65758288
CAJAMARCA,CAJAMARCA,NAMORA,-7.184364165,-78.28407581
CAJAMARCA,CAJAMARCA,SAN JUAN,-7.27390941,-78.48197882
CAJAMARCA,CAJABAMBA,CAJABAMBA,-7.631450648,-78.03214665
CAJAMARCA,CELENDIN,UTCO,-6.881324324,-78.0576104
CAJAMARCA,SAN MIGUEL,SAN MIGUEL,-7.077487817,-78.92236454
CAJAMARCA,SAN MIGUEL,CALQUIS,-6.913737776,-78.9531135
CAJAMARCA,SAN MIGUEL,SAN SILVESTRE DE COCHAN,-6.931435223,-78.72526987
CAJAMARCA,SAN PABLO,SAN BERNARDINO,-7.174981143,-78.78565704
LA LIBERTAD,TRUJILLO,VICTOR LARCO HERRERA,-8.139350132,-79.04582283
LA LIBERTAD,BOLIVAR,BOLIVAR,-7.264635807,-77.7339112
LA LIBERTAD,OTUZCO,AGALLPAMPA,-7.945549808,-78.46400456
LA LIBERTAD,OTUZCO,LA CUESTA,-7.908474061,-78.68498422
LA LIBERTAD,GRAN CHIMU,LUCMA,-7.629980541,-78.576582
LA LIBERTAD,SANTIAGO DE CHUCO,ANGASMARCA,-8.1456965,-78.0326568
LA LIBERTAD,SANTIAGO DE CHUCO,SITABAMBA,-8.02628181,-77.80046023
AMAZONAS,LUYA,LUYA VIEJO,-6.112488564,-78.1167911
AMAZONAS,CHACHAPOYAS,OLLEROS,-6.008413445,-77.67098433
AMAZONAS,BONGARA,RECTA,-5.939221119,-77.77535864
AMAZONAS,BONGARA,CHISQUILLA,-5.894847268,-77.72579501
AMAZONAS,BAGUA,BAGUA,-5.580912736,-78.52098274
AMAZONAS,BAGUA,IMAZA,-4.991340428,-78.38958734
AMAZONAS,CONDORCANQUI,RIO SANTIAGO,-3.813449732,-77.88811454
LORETO,REQUENA,CAPELO,-5.366373319,-74.12692001
LORETO,REQUENA,SAQUENA,-4.79793879,-73.40510065
LORETO,UCAYALI,SARAYACU,-6.390597645,-75.18590819
LORETO,DATEM DEL MARAÑON,BARRANCA,-5.021115817,-77.11081425
SAN MARTIN,EL DORADO,SANTA ROSA,-6.705345649,-76.59921852
SAN MARTIN,PICOTA,BUENOS AIRES,-6.739714603,-76.39702979
SAN MARTIN,SAN MARTIN,ALBERTO LEVEAU,-6.683666945,-76.26012133
SAN MARTIN,EL DORADO,AGUA BLANCA,-6.724173644,-76.70566921
SAN MARTIN,LAMAS,ZAPATERO,-6.550120781,-76.5306834
SAN MARTIN,EL DORADO,SHATOJA,-6.523845604,-76.69906218
SAN MARTIN,LAMAS,CUÑUMBUQUI,-6.61565351,-76.46836642
SAN MARTIN,SAN MARTIN,CHAZUTA,-6.617967285,-75.98949082
SAN MARTIN,HUALLAGA,ALTO SAPOSOA,-6.601861499,-76.96311531
SAN MARTIN,SAN MARTIN,CACATACHI,-6.467811712,-76.43841145
SAN MARTIN,SAN MARTIN,HUIMBAYOC,-6.638633335,-75.71362556
SAN MARTIN,LAMAS,CAYNARACHI,-6.195326585,-76.33423738
SAN MARTIN,LAMAS,BARRANQUITA,-6.306275442,-76.04870863
SAN MARTIN,SAN MARTIN,EL PORVENIR,-6.244997976,-75.86476608
SAN MARTIN,RIOJA,YORONGOS,-6.175299265,-77.16171862
SAN MARTIN,MOYOBAMBA,JEPELACIO,-6.173536517,-76.92180246
SAN MARTIN,MOYOBAMBA,CALZADA,-6.014539467,-77.0957554
SAN MARTIN,RIOJA,SAN FERNANDO,-5.858967768,-77.274892
CAJAMARCA,JAEN,PUCARA,-6.039990561,-79.12365858
CAJAMARCA,CUTERVO,CUJILLO,-6.116752099,-78.55885658
LIMA,HUAROCHIRI,LAHUAYTAMBO,-12.09328268,-76.39187995
LIMA,HUAROCHIRI,RICARDO PALMA,-11.93781924,-76.62291481
LIMA,HUAROCHIRI,SAN MATEO DE OTAO,-11.84059377,-76.53043167
LIMA,HUAROCHIRI,SANGALLAYA,-12.2191485,-76.26270671
LIMA,HUAROCHIRI,SANTIAGO DE ANCHUCAYA,-12.03191815,-76.19960483
LIMA,HUAROCHIRI,SANTO DOMINGO DE LOS OLLEROS,-12.26131959,-76.53620492
LIMA,YAUYOS,CATAHUASI,-12.74278402,-75.88200258
LIMA,YAUYOS,CHOCOS,-12.92238642,-75.92405784
LIMA,YAUYOS,HUANGASCAR,-12.9415583,-75.82184963
LIMA,YAUYOS,LINCHA,-12.81094406,-75.63069154
LIMA,YAUYOS,PUTINZA,-12.66651249,-75.9227622
LIMA,CANTA,CANTA,-11.4753066,-76.58229732
LIMA,CAÑETE,CALANGO,-12.48706605,-76.45461715
LIMA,CAÑETE,CERRO AZUL,-12.96590365,-76.46471319
LIMA,CAÑETE,COAYLLO,-12.65871762,-76.40672253
LIMA,CAÑETE,NUEVO IMPERIAL,-12.96049595,-76.25857629
LIMA,CAÑETE,SAN ANTONIO,-12.61316601,-76.67418212
LIMA,CAÑETE,SAN LUIS,-13.05199404,-76.42371804
LIMA,HUARAL,ATAVILLOS ALTO,-11.27749718,-76.59517104
LIMA,HUARAL,AUCALLAMA,-11.51774501,-77.04995024
CAJAMARCA,SANTA CRUZ,YAUYUCAN,-6.682859872,-78.84943993
CAJAMARCA,JAEN,SANTA ROSA,-5.427734543,-78.60084619
LAMBAYEQUE,CHICLAYO,CHICLAYO,-6.782836831,-79.82582563
LAMBAYEQUE,CHICLAYO,CHONGOYAPE,-6.626862378,-79.46456336
LAMBAYEQUE,CHICLAYO,OYOTUN,-6.779638473,-79.27684931
LAMBAYEQUE,CHICLAYO,TUMAN,-6.773732462,-79.69445053
LAMBAYEQUE,FERREÑAFE,PITIPO,-6.486228393,-79.63476015
LAMBAYEQUE,LAMBAYEQUE,JAYANCA,-6.334181803,-79.80828335
LAMBAYEQUE,LAMBAYEQUE,MOTUPE,-6.169046537,-79.70787552
LAMBAYEQUE,LAMBAYEQUE,OLMOS,-6.047599075,-80.07156578
LAMBAYEQUE,LAMBAYEQUE,ILLIMO,-6.469594378,-79.85336695
LAMBAYEQUE,LAMBAYEQUE,PACORA,-6.43408352,-79.87992272
LAMBAYEQUE,LAMBAYEQUE,SALAS,-6.150887304,-79.53794845
PIURA,SULLANA,MARCAVELICA,-4.537051448,-80.78493272
PIURA,PAITA,AMOTAPE,-4.835534787,-81.00676488
PIURA,SECHURA,BERNAL,-5.457751323,-80.70200293
PIURA,PIURA,EL TALLAN,-5.441294074,-80.61136984
PIURA,HUANCABAMBA,CANCHAQUE,-5.312067632,-79.62583265
PIURA,HUANCABAMBA,SONDORILLO,-5.397914776,-79.46023378
PIURA,PIURA,CURA MORI,-5.357590473,-80.58604979
PIURA,HUANCABAMBA,SONDOR,-5.403521535,-79.36241112
PIURA,PIURA,LA UNION,-5.332873132,-80.86799754
ICA,PISCO,SAN ANDRES,-13.80432601,-76.10676404
ICA,PISCO,SAN CLEMENTE,-13.64211605,-76.14398675
ICA,PISCO,TUPAC AMARU INCA,-13.72617167,-76.11033519
TACNA,TACNA,TACNA,-18.11297135,-70.16862035
TACNA,TACNA,CALANA,-17.95421719,-70.14622313
TACNA,JORGE BASADRE,LOCUMBA,-17.6042297,-70.73305592
MOQUEGUA,GENERAL SANCHEZ CERRO,COALAQUE,-16.57580647,-71.04608882
MOQUEGUA,GENERAL SANCHEZ CERRO,LA CAPILLA,-16.82598503,-71.29387062
MOQUEGUA,GENERAL SANCHEZ CERRO,LLOQUE,-16.30357651,-70.6272478
MOQUEGUA,GENERAL SANCHEZ CERRO,PUQUINA,-16.62829492,-71.15726834
MOQUEGUA,GENERAL SANCHEZ CERRO,QUINISTAQUILLAS,-16.70420529,-70.87982401
TACNA,TACNA,PACHIA,-17.78480338,-70.02359396
TACNA,TACNA,PALCA,-17.65693749,-69.76403072
TACNA,TACNA,POCOLLAY,-18.00772421,-70.07413868
TACNA,CANDARAVE,CAMILACA,-17.16506869,-70.43274371
TACNA,TARATA,TARUCACHI,-17.50188153,-69.95804789
TACNA,TACNA,CIUDAD NUEVA,-17.85783654,-70.19033799
LA LIBERTAD,JULCAN,JULCAN,-8.074767647,-78.46196198
LA LIBERTAD,ASCOPE,SANTIAGO DE CAO,-7.924753312,-79.21774002
LA LIBERTAD,OTUZCO,USQUIL,-7.800635204,-78.36164591
LA LIBERTAD,PACASMAYO,GUADALUPE,-7.28813734,-79.48788441
LA LIBERTAD,VIRU,GUADALUPITO,-8.801723956,-78.6497468
LA LIBERTAD,SANCHEZ CARRION,CHUGAY,-7.822333546,-77.79809074
LA LIBERTAD,SANCHEZ CARRION,CURGOS,-7.847741216,-77.95349568
LA LIBERTAD,SANCHEZ CARRION,SANAGORAN,-7.792647082,-78.17563891
UCAYALI,ATALAYA,YURUA,-9.829759455,-72.69857474
CAJAMARCA,SAN MARCOS,GREGORIO PITA,-7.222073962,-78.16124448
CAJAMARCA,SAN MARCOS,JOSE MANUEL QUIROZ,-7.356016937,-78.02097105
CAJAMARCA,CAJAMARCA,ASUNCION,-7.338232913,-78.52718611
CAJAMARCA,CAJABAMBA,CACHACHI,-7.567701867,-78.25332853
CAJAMARCA,CAJABAMBA,CONDEBAMBA,-7.530124552,-78.09113773
CAJAMARCA,CAJABAMBA,SITACOCHA,-7.4743925,-77.90632696
JUNIN,YAULI,SUITUCANCHA,-11.83331742,-75.97818334
JUNIN,JAUJA,MASMA,-11.78082534,-75.42201876
AREQUIPA,LA UNION,TAURIA,-15.40420821,-73.17264647
AREQUIPA,CARAVELI,JAQUI,-15.44910156,-74.39816473
PIURA,PIURA,TAMBO GRANDE,-4.91945261,-80.33095186
PUNO,YUNGUYO,YUNGUYO,-16.28280615,-69.09019323
PUNO,YUNGUYO,TINICACHI,-16.19796883,-68.97151548
PUNO,PUNO,ACORA,-16.28732501,-69.90845226
CUSCO,ESPINAR,PICHIGUA,-14.67934113,-71.34375516
CUSCO,ESPINAR,SUYCKUTAMBO,-15.0011515,-71.65822687
AYACUCHO,LA MAR,TAMBO,-12.91229551,-74.0230996
AYACUCHO,HUANTA,SANTILLANA,-12.67119956,-74.24201093
AYACUCHO,LA MAR,AYNA,-12.72846833,-73.89089089
AYACUCHO,HUANTA,CANAYRE,-12.34062004,-74.10211481
CUSCO,QUISPICANCHI,CCARHUAYO,-13.53698103,-71.34399389
CUSCO,QUISPICANCHI,CAMANTI,-13.34230892,-70.74891807
HUANCAVELICA,TAYACAJA,SURCUBAMBA,-12.15072531,-74.65237587
HUANCAVELICA,HUAYTARA,SAN ANTONIO DE CUSICANCHA,-13.46541841,-75.23768219
HUANCAVELICA,CASTROVIRREYNA,COCAS,-13.27417056,-75.36308789
APURIMAC,GRAU,PROGRESO,-14.09868378,-72.44701506
LORETO,ALTO AMAZONAS,LAGUNAS,-4.628335969,-75.97605637
LORETO,ALTO AMAZONAS,SANTA CRUZ,-5.658277223,-75.74900517
LORETO,LORETO,NAUTA,-4.44271761,-74.11420369
LORETO,LORETO,TIGRE,-2.943731004,-75.26485183
TACNA,TARATA,HEROES ALBARRACIN,-17.49940927,-70.21453837
LA LIBERTAD,CHEPEN,PACANGA,-7.079654853,-79.44762953
ANCASH,SANTA,NEPEÑA,-9.141492776,-78.30319186
ANCASH,SANTA,SAMANCO,-9.279470305,-78.44245304
LA LIBERTAD,TRUJILLO,LA ESPERANZA,-8.063410961,-79.05594363
APURIMAC,ANDAHUAYLAS,SAN JERONIMO,-13.71663249,-73.27405509
APURIMAC,ANDAHUAYLAS,ANDAHUAYLAS,-13.76837783,-73.3879124
CUSCO,CUSCO,SANTIAGO,-13.57310459,-71.97855766
ANCASH,CASMA,YAUTAN,-9.505899515,-78.02030636
JUNIN,CONCEPCION,ANDAMARCA,-11.69635347,-74.85718695
JUNIN,JAUJA,ACOLLA,-11.66266252,-75.5675653
MADRE DE DIOS,TAMBOPATA,INAMBARI,-12.97674434,-69.93884485
MADRE DE DIOS,MANU,HUEPETUHE,-13.00314625,-70.65207759
MADRE DE DIOS,MANU,MANU,-12.36200326,-71.51836679
MADRE DE DIOS,MANU,MADRE DE DIOS,-12.62954181,-70.67535247
LIMA,LIMA,SANTA MARIA DEL MAR,-12.40871159,-76.76730878
LIMA,CAÑETE,ASIA,-12.79672829,-76.51123808
HUANCAVELICA,HUAYTARA,SANTIAGO DE CHOCORVOS,-13.81338672,-75.21494062
AREQUIPA,CAYLLOMA,YANQUE,-15.79009724,-71.45532344
AREQUIPA,CONDESUYOS,IRAY,-15.91264329,-72.60059948
PIURA,MORROPON,SANTO DOMINGO,-5.053147542,-79.91068079
PASCO,OXAPAMPA,PUERTO BERMUDEZ,-10.41402809,-74.63673294
PASCO,OXAPAMPA,CONSTITUCION,-9.825838193,-74.78462592
LA LIBERTAD,SANTIAGO DE CHUCO,MOLLEPATA,-8.14262756,-77.94204848
LIMA,LIMA,SAN BARTOLO,-12.36938189,-76.72414426
LIMA,HUAURA,HUACHO,-11.27166065,-77.49276783
LIMA,HUAURA,CALETA DE CARQUIN,-11.08798085,-77.62002251
LIMA,HUAURA,SANTA MARIA,-11.11613502,-77.47327279
LIMA,CANTA,LACHAQUI,-11.5556347,-76.6115961
LA LIBERTAD,PATAZ,ONGON,-8.205807269,-77.09246429
LA LIBERTAD,PATAZ,PATAZ,-7.732452541,-77.589545
AMAZONAS,UTCUBAMBA,JAMALCA,-5.95246282,-78.23495795
AREQUIPA,CARAVELI,QUICACHA,-15.56736085,-73.73038002
AREQUIPA,CASTILLA,AYO,-15.64095721,-72.2850889
AREQUIPA,CASTILLA,CHACHAS,-15.18213847,-72.11619188
AREQUIPA,CASTILLA,CHILCAYMARCA,-15.35062053,-72.38527555
JUNIN,SATIPO,MAZAMARI,-11.49389663,-74.24113996
CAJAMARCA,SAN MIGUEL,EL PRADO,-7.038041763,-79.00331697
CAJAMARCA,SAN MIGUEL,NIEPOS,-6.926715394,-79.13143154
LAMBAYEQUE,CHICLAYO,LA VICTORIA,-6.82375628,-79.86114719
LAMBAYEQUE,CHICLAYO,SAÑA,-6.887142159,-79.63799659
LIMA,OYON,ANDAJES,-10.77760315,-76.92715017
LIMA,OYON,NAVAN,-10.85716676,-77.046644
ANCASH,BOLOGNESI,ANTONIO RAYMONDI,-10.20324375,-77.49986831
ANCASH,BOLOGNESI,LA PRIMAVERA,-10.30186612,-77.10628887
ANCASH,BOLOGNESI,PACLLON,-10.23892414,-77.00341193
ANCASH,BOLOGNESI,SAN MIGUEL DE CORPANQUI,-10.29152923,-77.2098536
ANCASH,CORONGO,ACO,-8.508032813,-77.88348517
AREQUIPA,CASTILLA,UÑON,-15.75708867,-72.3831463
AREQUIPA,CAYLLOMA,HUANCA,-16.00643105,-71.82796632
AREQUIPA,CAYLLOMA,ICHUPAMPA,-15.58619166,-71.70530828
AREQUIPA,ISLAY,MEJIA,-17.03573494,-71.87863529
AREQUIPA,LA UNION,ALCA,-15.16748456,-72.71186705
AREQUIPA,LA UNION,CHARCANA,-15.21086983,-73.04878334
AREQUIPA,LA UNION,HUAYNACOTAS,-14.87496186,-72.76148065
AREQUIPA,LA UNION,PAMPAMARCA,-14.9895726,-72.93022055
AREQUIPA,LA UNION,PUYCA,-14.93896029,-72.54718176
AREQUIPA,CAYLLOMA,CALLALLI,-15.52116842,-71.2484258
AREQUIPA,AREQUIPA,SANTA RITA DE SIGUAS,-16.52282737,-72.14412114
AREQUIPA,AREQUIPA,TIABAYA,-16.46345039,-71.59898764
AREQUIPA,AREQUIPA,UCHUMAYO,-16.46093054,-71.69053926
AREQUIPA,AREQUIPA,YARABAMBA,-16.6135208,-71.54987499
AREQUIPA,AREQUIPA,YURA,-16.13094253,-71.60634537
AREQUIPA,CAMANA,QUILCA,-16.70077219,-72.35191487
AREQUIPA,CAMANA,SAMUEL PASTOR,-16.60133892,-72.65244771
AREQUIPA,AREQUIPA,CERRO COLORADO,-16.30446681,-71.5765988
AREQUIPA,AREQUIPA,MOLLEBAYA,-16.50407948,-71.47384539
AREQUIPA,AREQUIPA,SABANDIA,-16.44826245,-71.46023122
AREQUIPA,AREQUIPA,SAN JUAN DE SIGUAS,-16.40505887,-72.16342226
AREQUIPA,AREQUIPA,ALTO SELVA ALEGRE,-16.33096163,-71.48585771
AREQUIPA,AREQUIPA,JACOBO HUNTER,-16.45870244,-71.56261293
AREQUIPA,AREQUIPA,YANAHUARA,-16.39474481,-71.55040578
APURIMAC,ABANCAY,SAN PEDRO DE CACHORA,-13.48884569,-72.81400256
APURIMAC,ABANCAY,HUANIPACA,-13.47609159,-72.97529006
APURIMAC,ANDAHUAYLAS,TALAVERA,-13.62750508,-73.45302832
APURIMAC,CHINCHEROS,ANCO_HUALLO,-13.54429983,-73.6692714
PIURA,MORROPON,BUENOS AIRES,-5.264485166,-79.92504733
PIURA,HUANCABAMBA,LALAQUIZ,-5.172023125,-79.66488257
PIURA,MORROPON,MORROPON,-5.152721249,-79.99839244
PIURA,MORROPON,YAMANGO,-5.15651298,-79.76953545
PIURA,MORROPON,CHULUCANAS,-5.121696008,-80.19440919
PIURA,PIURA,CASTILLA,-5.130951833,-80.51518182
PIURA,PAITA,PAITA,-5.167200167,-81.05542082
PIURA,AYABACA,SAPILLICA,-4.783616722,-79.98929453
PIURA,SULLANA,QUERECOTILLO,-4.726091735,-80.60426751
PIURA,AYABACA,JILILI,-4.531820245,-79.83169494
PIURA,AYABACA,SICCHEZ,-4.573016962,-79.77750265
PIURA,TALARA,EL ALTO,-4.291508732,-81.08015053
PIURA,PIURA,VEINTISEIS DE OCTUBRE,-5.161384758,-80.69654201
CUSCO,LA CONVENCION,VILLA KINTIARINA,-12.90940273,-73.47793059
HUANCAVELICA,TAYACAJA,ROBLE,-12.2359226,-74.45781733
JUNIN,SATIPO,VIZCATAN DEL ENE,-12.20234022,-74.18656794
HUANCAVELICA,TAYACAJA,PICHOS,-12.1815832,-74.9332819
HUANUCO,LEONCIO PRADO,PUCAYACU,-8.564759895,-76.06476419
HUANUCO,MARAÑON,LA MORADA,-8.880440171,-76.36344485
AYACUCHO,LA MAR,CHUNGUI,-13.23000684,-73.57040512
HUANCAVELICA,TAYACAJA,SANTIAGO DE TUCUMA,-12.31757098,-74.88695367
HUANUCO,LEONCIO PRADO,SANTO DOMINGO DE ANDA,-8.984896794,-75.98296862
HUANUCO,LEONCIO PRADO,HERMILIO VALDIZAN,-9.139396477,-75.87540195
AREQUIPA,CAYLLOMA,SAN ANTONIO DE CHUCA,-15.83091825,-71.09748796
PUNO,CHUCUITO,KELLUYO,-16.72160203,-69.24801544
PUNO,CHUCUITO,DESAGUADERO,-16.62015164,-69.08028032
PUNO,YUNGUYO,COPANI,-16.37133275,-69.07306069
PUNO,YUNGUYO,UNICACHI,-16.22461521,-68.96542733
PUNO,YUNGUYO,OLLARAYA,-16.23592699,-68.99695564
PUNO,MOHO,HUAYRAPATA,-15.27609239,-69.2956349
PUNO,PUNO,TIQUILLACA,-15.92368096,-70.27143163
PUNO,PUNO,ATUNCOLLA,-15.67845711,-70.15705304
PUNO,SAN ROMAN,CABANA,-15.64288104,-70.27982871
PUNO,PUNO,COATA,-15.56154678,-69.92375472
PUNO,PUNO,CAPACHICA,-15.64042584,-69.82447372
PUNO,MOHO,CONIMA,-15.4493047,-69.41204356
PUNO,MOHO,MOHO,-15.3508018,-69.44760798
PUNO,HUANCANE,ROSASPATA,-15.20951052,-69.48742903
PUNO,HUANCANE,HUANCANE,-15.18320841,-69.80902123
PUNO,LAMPA,NICASIO,-15.21835597,-70.29121835
PUNO,LAMPA,PALCA,-15.29932113,-70.60938699
PUNO,LAMPA,VILAVILA,-15.1749603,-70.65034831
PUNO,SAN ANTONIO DE PUTINA,PEDRO VILCA APAZA,-15.01838726,-69.91425477
PUNO,HUANCANE,COJATA,-15.00817578,-69.39317666
PUNO,MELGAR,LLALLI,-14.98746559,-70.92708088
PUNO,AZANGARO,TIRAPATA,-14.92237388,-70.3837796
PUNO,SAN ANTONIO DE PUTINA,PUTINA,-14.70916898,-69.83448653
PUNO,AZANGARO,AZANGARO,-14.88095747,-70.14922204
PUNO,AZANGARO,ASILLO,-14.74080646,-70.35382213
PUNO,MELGAR,MACARI,-14.71142139,-70.93218058
PUNO,SAN ANTONIO DE PUTINA,ANANEA,-14.6924865,-69.50498668
PUNO,AZANGARO,SAN ANTON,-14.52262119,-70.25669661
PUNO,AZANGARO,SAN JOSE,-14.69115502,-70.17866183
PUNO,SANDIA,CUYOCUYO,-14.52381407,-69.55766801
PUNO,SAN ANTONIO DE PUTINA,SINA,-14.51144935,-69.24002952
PUNO,SANDIA,YANAHUAYA,-14.33114182,-69.12705547
PUNO,SANDIA,SAN JUAN DEL ORO,-14.19396516,-69.10045503
PUNO,SANDIA,PHARA,-14.06787286,-69.58504568
PUNO,CARABAYA,MACUSANI,-14.05617661,-70.47015278
PUNO,CARABAYA,CORANI,-13.92363436,-70.7051544
PUNO,CARABAYA,ITUATA,-13.82964152,-70.11609447
AREQUIPA,CAYLLOMA,SIBAYO,-15.36176489,-71.54595169
AREQUIPA,CAYLLOMA,TISCO,-15.21269991,-71.39226558
ANCASH,POMABAMBA,HUAYLLAN,-8.889716991,-77.46627867
HUANUCO,HUAMALIES,LLATA,-9.613975833,-76.90327022
HUANUCO,HUAMALIES,CHAVIN DE PARIARCA,-9.437211513,-76.7550439
HUANUCO,LEONCIO PRADO,LUYANDO,-9.240656263,-75.95322527
HUANUCO,AMBO,SAN RAFAEL,-10.32893563,-76.12633638
JUNIN,SATIPO,RIO TAMBO,-11.53100479,-73.8144352
JUNIN,JUNIN,CARHUAMAYO,-10.91393361,-76.02098799
ANCASH,RECUAY,CATAC,-9.911212263,-77.31705774
ANCASH,RECUAY,HUAYLLAPAMPA,-10.05773177,-77.51468899
ANCASH,RECUAY,MARCA,-10.0742219,-77.45434158
ANCASH,RECUAY,PARARIN,-10.1192146,-77.65381708
ANCASH,RECUAY,TAPACOCHA,-10.0027533,-77.53988651
ANCASH,YUNGAY,MANCOS,-9.192299396,-77.65013481
ANCASH,YUNGAY,YANAMA,-9.024115791,-77.49805462
ANCASH,HUAYLAS,HUAYLAS,-8.889692659,-77.89401786
ANCASH,MARISCAL LUZURIAGA,PISCOBAMBA,-8.862121014,-77.35323422
ANCASH,MARISCAL LUZURIAGA,FIDEL OLIVAS ESCUDERO,-8.784921076,-77.27720264
ANCASH,MARISCAL LUZURIAGA,MUSGA,-8.893032827,-77.32456374
ANCASH,PALLASCA,CABANA,-8.403875619,-77.9593181
ANCASH,CASMA,COMANDANTE NOEL,-9.510120638,-78.35524055
ANCASH,HUARI,CAJAY,-9.257030544,-77.13140928
ANCASH,OCROS,CAJAMARQUILLA,-10.3209141,-77.24003903
ANCASH,OCROS,CARHUAPAMPA,-10.50347211,-77.22482888
ANCASH,OCROS,LLIPA,-10.3791125,-77.21444591
ANCASH,OCROS,SAN CRISTOBAL DE RAJAN,-10.41566415,-77.22843316
ANCASH,SANTA,CHIMBOTE,-8.877596727,-78.40111585
ANCASH,SIHUAS,ALFONSO UGARTE,-8.467756262,-77.44352127
LIMA,HUAURA,PACCHO,-10.96586628,-76.97183757
LIMA,HUAURA,SAYAN,-11.14586363,-77.23380384
LIMA,HUAURA,VEGUETA,-10.95019229,-77.60411629
LIMA,OYON,OYON,-10.66939884,-76.75772188
LIMA,OYON,PACHANGARA,-10.83786436,-76.79755387
LIMA,BARRANCA,PATIVILCA,-10.6233603,-77.6859585
CAJAMARCA,CAJAMARCA,CAJAMARCA,-7.077477089,-78.56110414
CAJAMARCA,CUTERVO,SAN ANDRES DE CUTERVO,-6.224066509,-78.74228146
CAJAMARCA,CUTERVO,SANTO DOMINGO DE LA CAPILLA,-6.257949758,-78.84272286
CAJAMARCA,CELENDIN,CORTEGANA,-6.487696985,-78.28552152
CAJAMARCA,CHOTA,CHIGUIRIP,-6.425080553,-78.70803712
CAJAMARCA,CHOTA,TOCMOCHE,-6.456836074,-79.37598484
CAJAMARCA,SAN IGNACIO,CHIRINOS,-5.307552344,-78.88245446
CAJAMARCA,SAN IGNACIO,LA COIPA,-5.389635621,-78.97348431
CAJAMARCA,SAN IGNACIO,NAMBALLE,-5.107283071,-79.18098344
CAJAMARCA,JAEN,BELLAVISTA,-5.56467398,-78.74262612
CAJAMARCA,JAEN,JAEN,-5.770184293,-78.85255311
CAJAMARCA,JAEN,HUABAL,-5.604926969,-78.90585645
CAJAMARCA,CUTERVO,TORIBIO CASANOVA,-5.987988907,-78.69242467
TUMBES,TUMBES,TUMBES,-3.553660647,-80.41617273
TUMBES,TUMBES,SAN JACINTO,-3.905938116,-80.51091289
TUMBES,CONTRALMIRANTE VILLAR,ZORRITOS,-3.816384393,-80.70431904
TUMBES,ZARUMILLA,AGUAS VERDES,-3.491516205,-80.24244515
TUMBES,ZARUMILLA,PAPAYAL,-3.572065089,-80.28875781
CAJAMARCA,CELENDIN,HUASMIN,-6.828303109,-78.32562813
CAJAMARCA,HUALGAYOC,HUALGAYOC,-6.752734673,-78.60025414
CAJAMARCA,CELENDIN,MIGUEL IGLESIAS,-6.651032163,-78.26533598
CAJAMARCA,CELENDIN,LA LIBERTAD DE PALLAN,-6.708803085,-78.28608532
CAJAMARCA,CHOTA,HUAMBOS,-6.443695797,-78.97040364
CAJAMARCA,CHOTA,TACABAMBA,-6.398350878,-78.55570954
CAJAMARCA,CHOTA,CHALAMARCA,-6.517610201,-78.49523964
CAJAMARCA,SAN MIGUEL,TONGOD,-6.788166311,-78.83354998
CAJAMARCA,SANTA CRUZ,CATACHE,-6.749359482,-79.07690353
CAJAMARCA,SANTA CRUZ,CHANCAYBAÑOS,-6.555961317,-78.87793826
CAJAMARCA,SANTA CRUZ,PULAN,-6.746565742,-78.92115975
CAJAMARCA,SANTA CRUZ,SAUCEPAMPA,-6.6828603,-78.90846874
LIMA,LIMA,JESUS MARIA,-12.07808946,-77.04824206
LIMA,LIMA,LINCE,-12.08576988,-77.03569134
LIMA,LIMA,PUEBLO LIBRE,-12.07508046,-77.06578913
LIMA,LIMA,SAN JUAN DE LURIGANCHO,-11.94594743,-76.97146424
LIMA,LIMA,LA VICTORIA,-12.07231846,-77.01737149
CALLAO,CALLAO,MI PERU,-11.85433852,-77.12055592
AMAZONAS,CHACHAPOYAS,CHUQUIBAMBA,-6.934894226,-77.89507051
HUANUCO,HUANUCO,PILLCO MARCA,-10.04038401,-76.28124835
HUANUCO,DOS DE MAYO,RIPAN,-9.810533079,-76.84369122
HUANUCO,DOS DE MAYO,SHUNQUI,-9.750515945,-76.80977343
HUANUCO,YAROWILCA,CAHUAC,-9.864631887,-76.6493219
HUANUCO,YAROWILCA,APARICIO POMARES,-9.716242685,-76.57686989
HUANUCO,YAROWILCA,JACAS CHICO,-9.875168854,-76.50908434
HUANUCO,YAROWILCA,CHORAS,-9.911816878,-76.5718254
HUANUCO,HUANUCO,CHINCHAO,-9.615372861,-76.11075891
HUANUCO,DOS DE MAYO,QUIVILLA,-9.57602464,-76.68727302
HUANUCO,AMBO,COLPAS,-10.2443983,-76.46435781
HUANUCO,AMBO,HUACAR,-10.19530348,-76.26960434
HUANUCO,YAROWILCA,OBAS,-9.826928977,-76.68131976
HUANUCO,LAURICOCHA,JESUS,-10.21853159,-76.75557878
HUANUCO,LAURICOCHA,JIVIA,-10.03547438,-76.6563209
HUANUCO,PUERTO INCA,PUERTO INCA,-9.288933443,-74.96684054
HUANUCO,LEONCIO PRADO,MARIANO DAMASO BERAUN,-9.394400382,-76.03103562
HUANUCO,HUACAYBAMBA,PINRA,-8.914407148,-77.00075443
HUANUCO,LEONCIO PRADO,JOSE CRESPO Y CASTILLO,-8.932448281,-76.17783846
LORETO,UCAYALI,PAMPA HERMOSA,-7.302602493,-75.76970971
SAN MARTIN,BELLAVISTA,ALTO BIAVO,-7.822110563,-76.27412262
APURIMAC,CHINCHEROS,COCHARCAS,-13.61155461,-73.74785031
APURIMAC,ABANCAY,ABANCAY,-13.63584175,-72.87161184
CUSCO,PARURO,CCAPI,-13.8606811,-72.01942399
CUSCO,PARURO,HUANOQUITE,-13.69880938,-72.0792129
CUSCO,PARURO,OMACHA,-14.13970993,-71.78634054
CUSCO,CHUMBIVILCAS,LIVITACA,-14.33387305,-71.64633216
CUSCO,QUISPICANCHI,URCOS,-13.68787424,-71.59913889
CUSCO,QUISPICANCHI,ANDAHUAYLILLAS,-13.66576925,-71.70032399
CUSCO,ACOMAYO,ACOMAYO,-13.89315131,-71.67247754
CUSCO,ACOMAYO,RONDOCAN,-13.78763028,-71.76540183
CUSCO,ACOMAYO,SANGARARA,-13.95393674,-71.57076627
CUSCO,ACOMAYO,ACOS,-13.93929714,-71.7302437
AYACUCHO,PARINACOCHAS,PULLO,-15.33317476,-73.98449273
AYACUCHO,PAUCAR DEL SARA SARA,LAMPA,-15.1484683,-73.44967468
AYACUCHO,LUCANAS,SANCOS,-15.14708729,-74.15841368
AYACUCHO,PARINACOCHAS,CORACORA,-14.8157596,-73.6993402
LIMA,HUARAL,VEINTISIETE DE NOVIEMBRE,-11.14885591,-76.77281749
LIMA,YAUYOS,AYAVIRI,-12.36546017,-76.04229526
LIMA,YAUYOS,COCHAS,-12.28583698,-76.19569947
LIMA,YAUYOS,SAN JOAQUIN,-12.24582916,-76.10552493
LIMA,YAUYOS,TANTA,-12.13203991,-75.9913299
LIMA,YAUYOS,TOMAS,-12.1639276,-75.70682916
CALLAO,CALLAO,LA PERLA,-12.07028915,-77.11613773
JUNIN,HUANCAYO,PILCOMAYO,-12.0474746,-75.25426891
JUNIN,CHUPACA,TRES DE DICIEMBRE,-12.1140158,-75.24585306
LIMA,LIMA,ANCON,-11.7025685,-77.09589014
LIMA,LIMA,ATE,-12.03266332,-76.87732554
LIMA,LIMA,CHACLACAYO,-11.99164049,-76.7669698
LIMA,LIMA,VILLA MARIA DEL TRIUNFO,-12.17030367,-76.91899703
CAJAMARCA,CONTUMAZA,SAN BENITO,-7.5027941,-78.96232708
ANCASH,HUARI,PAUCAS,-9.151015808,-76.88460908
ANCASH,HUARI,PONTO,-9.347451247,-76.98490101
ANCASH,HUARI,SAN PEDRO DE CHANA,-9.466577742,-76.98234166
ANCASH,HUARI,UCO,-9.191126989,-76.93154123
ANCASH,HUARMEY,HUARMEY,-10.17387942,-77.91863847
ANCASH,HUARMEY,MALVAS,-9.921036063,-77.66472744
ANCASH,BOLOGNESI,HUASTA,-10.11392943,-77.0315389
ANCASH,CARHUAZ,AMASHCA,-9.223525812,-77.64488383
ANCASH,CARHUAZ,ANTA,-9.36103617,-77.6324303
ANCASH,HUARAZ,COCHABAMBA,-9.466070738,-77.85156209
ANCASH,HUARAZ,JANGAS,-9.441329717,-77.60383852
ANCASH,HUARAZ,OLLEROS,-9.621852345,-77.37164449
ANCASH,HUARAZ,PAMPAS GRANDE,-9.645742832,-77.91031209
ANCASH,HUARAZ,PIRA,-9.520963175,-77.69397729
ANCASH,AIJA,AIJA,-9.800421563,-77.56762947
JUNIN,JAUJA,LEONOR ORDOÑEZ,-11.86914427,-75.4313807
JUNIN,JAUJA,MUQUI,-11.83841837,-75.43765494
JUNIN,CONCEPCION,HEROINAS TOLEDO,-11.8387402,-75.2817782
JUNIN,JAUJA,HUARIPAMPA,-11.82127809,-75.48060238
JUNIN,JAUJA,SAN LORENZO,-11.83866739,-75.37852604
JUNIN,JAUJA,YAUYOS,-11.7958386,-75.51427648
JUNIN,HUANCAYO,SANTO DOMINGO DE ACOBAMBA,-11.85476986,-74.69361274
JUNIN,JAUJA,PANCAN,-11.74751249,-75.49902802
JUNIN,JAUJA,MARCO,-11.76045045,-75.56774716
JUNIN,CONCEPCION,COCHAS,-11.62006654,-75.14136245
JUNIN,CONCEPCION,MARISCAL CASTILLA,-11.58905501,-75.10533993
JUNIN,JAUJA,RICRAN,-11.56003214,-75.45752122
JUNIN,SATIPO,LLAYLLA,-11.46294673,-74.64899239
JUNIN,JAUJA,MONOBAMBA,-11.40856877,-75.23107017
JUNIN,SATIPO,PANGOA,-11.7916004,-74.36659854
JUNIN,TARMA,PALCAMAYO,-11.27019242,-75.77782638
JUNIN,TARMA,SAN PEDRO DE CAJAS,-11.12341673,-75.78578197
JUNIN,YAULI,SANTA BARBARA DE CARHUACAYAN,-11.1980489,-76.36485096
JUNIN,JAUJA,SAUSA,-11.79265326,-75.48329109
JUNIN,JAUJA,SAN PEDRO DE CHUNAN,-11.71892321,-75.4893059
LIMA,CAÑETE,MALA,-12.65347505,-76.60166864
LIMA,HUAROCHIRI,MATUCANA,-11.8161478,-76.3794308
LIMA,HUAROCHIRI,CUENCA,-12.15652947,-76.45691931
LIMA,HUAROCHIRI,HUANZA,-11.56114339,-76.44365201
LIMA,LIMA,CIENEGUILLA,-12.07654603,-76.77745997
LIMA,LIMA,LURIN,-12.23434835,-76.80155727
AYACUCHO,LUCANAS,SANTA LUCIA,-14.93279831,-74.54580354
AYACUCHO,PARINACOCHAS,UPAHUACHO,-14.88364759,-73.52964716
AYACUCHO,PARINACOCHAS,CORONEL CASTAÑEDA,-14.77827924,-73.16426855
AYACUCHO,LUCANAS,LUCANAS,-14.48745029,-74.30440635
AYACUCHO,LUCANAS,CARMEN SALCEDO,-14.46581922,-73.98178554
AYACUCHO,LUCANAS,CABANA,-14.36213792,-74.07750444
AYACUCHO,LUCANAS,LARAMATE,-14.24997445,-74.76622976
AYACUCHO,LUCANAS,SAN PEDRO DE PALCO,-14.29130774,-74.49426052
AYACUCHO,LUCANAS,HUAC-HUAS,-14.16640295,-74.99366238
AYACUCHO,SUCRE,SANTIAGO DE PAUCARAY,-14.08747742,-73.65338077
AYACUCHO,HUANCA SANCOS,SANCOS,-14.00101706,-74.55973481
AYACUCHO,SUCRE,CHALCOS,-13.85095484,-73.75260614
AYACUCHO,VILCAS HUAMAN,ACCOMARCA,-13.80623712,-73.86740247
AYACUCHO,SUCRE,BELEN,-13.80431465,-73.76725774
AYACUCHO,HUANCA SANCOS,CARAPO,-13.81205967,-74.30343822
AYACUCHO,VILCAS HUAMAN,HUAMBALPA,-13.74430866,-73.88790925
AYACUCHO,VICTOR FAJARDO,HUAMANQUIQUIA,-13.71607845,-74.27571639
AYACUCHO,VICTOR FAJARDO,HUANCAPI,-13.80465858,-74.08984067
AYACUCHO,VILCAS HUAMAN,CARHUANCA,-13.73943849,-73.78206692
AYACUCHO,VILCAS HUAMAN,SAURAMA,-13.70102179,-73.75034683
AYACUCHO,VILCAS HUAMAN,VILCAS HUAMAN,-13.65570144,-73.89632106
AYACUCHO,VICTOR FAJARDO,ALCAMENCA,-13.665536,-74.2104507
AYACUCHO,VICTOR FAJARDO,VILCANCHOS,-13.65238131,-74.64318405
CUSCO,PARURO,PARURO,-13.72668588,-71.8557018
CUSCO,CHUMBIVILCAS,VELILLE,-14.54900433,-71.84916356
CUSCO,ESPINAR,CONDOROMA,-15.30078476,-71.0740422
CUSCO,CANAS,PAMPAMARCA,-14.14180406,-71.44655823
CUSCO,QUISPICANCHI,HUARO,-13.75531948,-71.67240003
CUSCO,ESPINAR,ESPINAR,-14.92533749,-71.35288991
CUSCO,ESPINAR,COPORAQUE,-14.75719522,-71.63537923
HUANCAVELICA,HUAYTARA,SANTIAGO DE QUIRAHUARA,-14.05539705,-74.89227612
HUANCAVELICA,HUAYTARA,CORDOVA,-14.0115592,-75.15197388
HUANCAVELICA,HUAYTARA,LARAMARCA,-13.90601151,-75.05727381
HUANCAVELICA,HUAYTARA,HUAYACUNDO ARMA,-13.55488014,-75.31174685
ICA,NASCA,NASCA,-14.85703486,-75.03688595
ICA,NASCA,MARCONA,-15.14242205,-75.06934349
ICA,PALPA,TIBILLO,-14.15039223,-75.16093561
ICA,ICA,LA TINGUIÑA,-14.01078042,-75.67334225
ICA,ICA,PARCONA,-14.05686627,-75.70044687
ICA,ICA,SANTIAGO,-14.51074769,-75.51527305
APURIMAC,ANDAHUAYLAS,ANDARAPA,-13.49729316,-73.38857733
APURIMAC,CHINCHEROS,ONGOY,-13.4153216,-73.65066342
CUSCO,ANTA,LIMATAMBO,-13.47510526,-72.4455264
CUSCO,ANTA,PUCYURA,-13.48468221,-72.09363199
CUSCO,PAUCARTAMBO,HUANCARANI,-13.51099868,-71.63114277
CUSCO,CALCA,CALCA,-13.26872222,-71.95777707
CUSCO,URUBAMBA,HUAYLLABAMBA,-13.3418925,-72.04980999
CUSCO,CUSCO,POROY,-13.50191733,-72.04230015
CUSCO,CUSCO,SAYLLA,-13.55300411,-71.83175616
CUSCO,LA CONVENCION,QUELLOUNO,-12.50712204,-72.4450702
CUSCO,CALCA,YANATILE,-12.79569714,-72.10508604
CUSCO,LA CONVENCION,KIMBIRI,-12.61488207,-73.63822392
CUSCO,ANTA,CHINCHAYPUJIO,-13.61293077,-72.27155199
AYACUCHO,VILCAS HUAMAN,CONCEPCION,-13.54210223,-73.88040814
AYACUCHO,CANGALLO,CANGALLO,-13.59973513,-74.11007268
AYACUCHO,CANGALLO,MARIA PARADO DE BELLIDO,-13.56806377,-74.2756629
AYACUCHO,CANGALLO,PARAS,-13.46076892,-74.71957671
AYACUCHO,HUAMANGA,QUINUA,-13.06139148,-74.1345374
AYACUCHO,HUAMANGA,PACAYCASA,-13.05318839,-74.23268943
CUSCO,PAUCARTAMBO,PAUCARTAMBO,-13.30137319,-71.46406073
CUSCO,CALCA,COYA,-13.40241568,-71.91532733
CUSCO,QUISPICANCHI,MARCAPATA,-13.63979927,-70.91267881
HUANCAVELICA,CASTROVIRREYNA,SAN JUAN,-13.27213883,-75.68850249
HUANCAVELICA,CASTROVIRREYNA,CASTROVIRREYNA,-13.15366634,-75.29138023
HUANCAVELICA,CASTROVIRREYNA,HUACHOS,-13.21471139,-75.48340449
HUANCAVELICA,CASTROVIRREYNA,HUAMATAMBO,-13.10894686,-75.68250435
HUANCAVELICA,ANGARAES,SAN ANTONIO DE ANTAPARCO,-13.06552124,-74.4306678
HUANCAVELICA,ANGARAES,JULCAMARCA,-13.0125173,-74.43095385
HUANCAVELICA,ANGARAES,HUAYLLAY GRANDE,-12.92356999,-74.6710839
HUANCAVELICA,ACOBAMBA,POMACOCHA,-12.86157146,-74.52001523
HUANCAVELICA,ANGARAES,CALLANMARCA,-12.87857314,-74.62454094
HUANCAVELICA,HUANCAVELICA,HUANCAVELICA,-12.86284854,-75.0086415
HUANCAVELICA,HUANCAVELICA,YAULI,-12.81717877,-74.82901576
HUANCAVELICA,HUANCAVELICA,ASCENSION,-12.82843406,-75.18661801
HUANCAVELICA,ACOBAMBA,PAUCARA,-12.7230618,-74.72738847
HUANCAVELICA,ACOBAMBA,ROSARIO,-12.74232672,-74.59994033
HUANCAVELICA,ACOBAMBA,ANDABAMBA,-12.66118781,-74.6549277
HUANCAVELICA,HUANCAVELICA,PALCA,-12.66958141,-74.97913715
HUANCAVELICA,HUANCAVELICA,ACOBAMBILLA,-12.70409219,-75.37127331
HUANCAVELICA,HUANCAVELICA,HUANDO,-12.62728575,-75.01360895
HUANCAVELICA,HUANCAVELICA,NUEVO OCCORO,-12.70774735,-75.13924326
HUANCAVELICA,HUANCAVELICA,LARIA,-12.55324603,-75.08024883
HUANCAVELICA,HUANCAVELICA,IZCUCHACA,-12.49634491,-75.01355518
HUANCAVELICA,HUANCAVELICA,MOYA,-12.46377917,-75.13176999
HUANCAVELICA,HUANCAVELICA,HUAYLLAHUARA,-12.40147269,-75.18296613
HUANCAVELICA,HUANCAVELICA,PILCHACA,-12.41361409,-75.08899151
HUANCAVELICA,TAYACAJA,PAMPAS,-12.45136537,-74.85168998
HUANCAVELICA,TAYACAJA,AHUAYCHA,-12.44415522,-74.90615888
HUANCAVELICA,TAYACAJA,PAZOS,-12.22156927,-75.02625275
HUANCAVELICA,CHURCAMPA,EL CARMEN,-12.71142988,-74.49740786
HUANCAVELICA,CHURCAMPA,PAUCARBAMBA,-12.56914526,-74.52619391
HUANCAVELICA,CHURCAMPA,SAN MIGUEL DE MAYOCC,-12.78789145,-74.41000385
HUANCAVELICA,CHURCAMPA,SAN PEDRO DE CORIS,-12.60734402,-74.40023477
HUANCAVELICA,CHURCAMPA,LOCROJA,-12.7173562,-74.45471843
ICA,CHINCHA,GROCIO PRADO,-13.31158673,-76.16743293
ICA,CHINCHA,SAN JUAN DE YANAC,-13.22471401,-75.81432059
ICA,CHINCHA,SAN PEDRO DE HUACARPANA,-13.0786169,-75.72836939
ICA,CHINCHA,TAMBO DE MORA,-13.46034237,-76.18341545
JUNIN,HUANCAYO,PUCARA,-12.18019976,-75.10051481
JUNIN,CONCEPCION,MITO,-11.92880098,-75.35175006
JUNIN,HUANCAYO,SAN JERONIMO DE TUNAN,-11.93740981,-75.28637397
JUNIN,HUANCAYO,QUILCAS,-11.88224539,-75.16615651
JUNIN,HUANCAYO,COLCA,-12.31423061,-75.19123423
JUNIN,HUANCAYO,VIQUES,-12.16053242,-75.22767614
JUNIN,HUANCAYO,HUAYUCACHI,-12.13441004,-75.22206656
JUNIN,CHUPACA,YANACANCHA,-12.25368876,-75.47380538
JUNIN,CHUPACA,SAN JUAN DE ISCOS,-12.11934678,-75.30159571
JUNIN,HUANCAYO,CHILCA,-12.07905105,-75.18315482
JUNIN,CONCEPCION,SAN JOSE DE QUERO,-12.07625337,-75.57268119
JUNIN,CHUPACA,HUAMANCACA CHICO,-12.07962555,-75.24876736
AMAZONAS,LUYA,SANTO TOMAS,-6.569058774,-77.89247683
AMAZONAS,LUYA,COCABAMBA,-6.626972568,-78.01537394
AMAZONAS,CHACHAPOYAS,LA JALCA,-6.503593924,-77.78439661
AMAZONAS,LUYA,PISUQUIA,-6.474745394,-78.08628179
AMAZONAS,LUYA,SAN JUAN DE LOPECANCHA,-6.482743515,-77.89175625
AMAZONAS,LUYA,MARIA,-6.496564787,-77.96079653
AMAZONAS,RODRIGUEZ DE MENDOZA,LONGAR,-6.351044327,-77.56608974
AMAZONAS,RODRIGUEZ DE MENDOZA,OMIA,-6.405407385,-77.35443118
AMAZONAS,LUYA,OCUMAL,-6.345784379,-78.16399277
AMAZONAS,LUYA,INGUILPATA,-6.248102196,-78.02856758
AMAZONAS,RODRIGUEZ DE MENDOZA,MARISCAL BENAVIDES,-6.291664059,-77.48511479
AMAZONAS,CHACHAPOYAS,CHACHAPOYAS,-6.247743004,-77.85648801
AMAZONAS,LUYA,TRITA,-6.156466003,-77.98113463
AMAZONAS,LUYA,OCALLI,-6.221806231,-78.21685799
AMAZONAS,CHACHAPOYAS,MOLINOPAMPA,-6.212441062,-77.60725317
AMAZONAS,LUYA,LAMUD,-6.119879911,-77.94355895
AMAZONAS,LUYA,SAN CRISTOBAL,-6.084081336,-77.96336223
AMAZONAS,CHACHAPOYAS,GRANADA,-6.099981189,-77.576583
AMAZONAS,CHACHAPOYAS,CHILIQUIN,-6.078207699,-77.75586588
PASCO,PASCO,VICCO,-10.86396826,-76.23323279
PASCO,PASCO,NINACACA,-10.79203648,-76.06019612
PASCO,PASCO,PAUCARTAMBO,-10.75889266,-75.77342705
PASCO,PASCO,YANACANCHA,-10.64343238,-76.19427757
PASCO,DANIEL ALCIDES CARRION,GOYLLARISQUIZGA,-10.48674724,-76.40396211
PASCO,PASCO,PALLANCHACRA,-10.42215677,-76.25146124
PASCO,DANIEL ALCIDES CARRION,TAPUC,-10.41896009,-76.46824569
SAN MARTIN,TOCACHE,SHUNTE,-8.423262155,-76.87670308
SAN MARTIN,HUALLAGA,PISCOYACU,-7.014138027,-76.83417027
SAN MARTIN,BELLAVISTA,BELLAVISTA,-6.991023907,-76.60060812
CAJAMARCA,SAN MARCOS,EDUARDO VILLANUEVA,-7.441244957,-78.14339918
APURIMAC,AYMARAES,TINTAY,-13.90349647,-73.13448391
APURIMAC,ANDAHUAYLAS,SAN MIGUEL DE CHACCRAMPA,-13.96214822,-73.60301305
APURIMAC,ANTABAMBA,JUAN ESPINOZA MEDRANO,-14.55861084,-72.9083883
APURIMAC,ANTABAMBA,ANTABAMBA,-14.51799659,-72.75011937
APURIMAC,ANTABAMBA,HUAQUIRCA,-14.34027117,-72.78668838
APURIMAC,AYMARAES,POCOHUANCA,-14.22401158,-73.08767779
APURIMAC,ANTABAMBA,OROPESA,-14.43599235,-72.52312606
APURIMAC,GRAU,TURPAY,-14.232004,-72.63704542
APURIMAC,ANTABAMBA,PACHACONAS,-14.21900583,-72.97912166
APURIMAC,ANTABAMBA,EL ORO,-14.15780896,-73.03521627
APURIMAC,AYMARAES,CAPAYA,-14.11559923,-73.3538552
APURIMAC,ANDAHUAYLAS,TUMAY HUARACA,-13.96923528,-73.45819964
APURIMAC,COTABAMBAS,TAMBOBAMBA,-13.91707084,-72.21291568
APURIMAC,AYMARAES,SAN JUAN DE CHACÑA,-13.88498746,-73.19382059
APURIMAC,GRAU,GAMARRA,-13.83066525,-72.55967042
APURIMAC,ABANCAY,CIRCA,-13.9741942,-72.89152132
APURIMAC,ANDAHUAYLAS,HUANCARAY,-13.76962341,-73.54719968
CAJAMARCA,CAJAMARCA,MATARA,-7.27201892,-78.25947761
CAJAMARCA,CELENDIN,SUCRE,-7.018752255,-78.17131041
CAJAMARCA,CONTUMAZA,CONTUMAZA,-7.334749238,-78.73680482
CAJAMARCA,CONTUMAZA,YONAN,-7.277621976,-79.16913866
CAJAMARCA,SAN MIGUEL,LA FLORIDA,-6.868879512,-79.14883306
CAJAMARCA,SAN MIGUEL,UNION AGUA BLANCA,-7.118908345,-79.05419735
LA LIBERTAD,SANCHEZ CARRION,SARIN,-7.939827942,-77.88009198
LA LIBERTAD,SANCHEZ CARRION,SARTIMBAMBA,-7.61269735,-77.7661509
LA LIBERTAD,TRUJILLO,MOCHE,-8.159176151,-79.00011149
LA LIBERTAD,TRUJILLO,POROTO,-8.035272378,-78.75401008
LA LIBERTAD,ASCOPE,CHOCOPE,-7.790500655,-79.22654671
LA LIBERTAD,ASCOPE,MAGDALENA DE CAO,-7.855205775,-79.29991638
LA LIBERTAD,ASCOPE,RAZURI,-7.686842595,-79.37155337
LA LIBERTAD,OTUZCO,CHARAT,-7.80866035,-78.47382529
LA LIBERTAD,OTUZCO,MACHE,-8.034218759,-78.5338049
LA LIBERTAD,GRAN CHIMU,CASCAS,-7.501508302,-78.76396137
LA LIBERTAD,GRAN CHIMU,MARMOT,-7.662529922,-78.70150631
LA LIBERTAD,GRAN CHIMU,SAYAPULLO,-7.567899707,-78.43172534
LA LIBERTAD,SANTIAGO DE CHUCO,CACHICADAN,-8.017281827,-78.06435595
LA LIBERTAD,SANTIAGO DE CHUCO,SANTA CRUZ DE CHUCA,-8.188299813,-78.09567433
AMAZONAS,UTCUBAMBA,LONYA GRANDE,-6.063471997,-78.41067329
AMAZONAS,BONGARA,CHURUJA,-6.007796552,-77.93036387
AMAZONAS,BONGARA,JAZAN,-5.945373897,-78.02343178
AMAZONAS,BONGARA,JUMBILLA,-5.951742804,-77.82565836
AMAZONAS,BONGARA,CUISPES,-5.911145374,-77.91479272
AMAZONAS,BAGUA,LA PECA,-5.591978273,-78.44540616
AMAZONAS,CONDORCANQUI,EL CENEPA,-4.168538133,-78.33589329
LORETO,REQUENA,ALTO TAPICHE,-6.818339304,-74.18943619
LORETO,REQUENA,EMILIO SAN MARTIN,-6.201375318,-74.45404634
LORETO,REQUENA,PUINAHUA,-5.644730688,-74.88637062
LORETO,MAYNAS,ALTO NANAY,-3.361639183,-74.28552053
LORETO,MARISCAL RAMON CASTILLA,SAN PABLO,-3.866758349,-71.33896668
LORETO,REQUENA,REQUENA,-5.328240807,-73.88234351
LORETO,REQUENA,TAPICHE,-5.992031346,-73.99354241
LORETO,REQUENA,JENARO HERRERA,-4.996170854,-73.69834775
LORETO,DATEM DEL MARAÑON,CAHUAPANAS,-5.240097771,-76.85572849
LORETO,DATEM DEL MARAÑON,MORONA,-3.679122396,-77.3734689
LORETO,DATEM DEL MARAÑON,PASTAZA,-4.276607775,-76.63773926
SAN MARTIN,SAN MARTIN,SAN ANTONIO,-6.399339135,-76.38208973
SAN MARTIN,PICOTA,PUCACACA,-6.840233016,-76.36304631
SAN MARTIN,BELLAVISTA,SAN PABLO,-6.838870497,-76.5865248
SAN MARTIN,SAN MARTIN,SAUCE,-6.702759548,-76.20461885
SAN MARTIN,SAN MARTIN,SHAPAJA,-6.588295995,-76.21326739
SAN MARTIN,EL DORADO,SAN MARTIN,-6.423286057,-76.83734095
SAN MARTIN,SAN MARTIN,TARAPOTO,-6.494207543,-76.36964365
SAN MARTIN,LAMAS,RUMISAPA,-6.443756166,-76.47257236
SAN MARTIN,SAN MARTIN,CHIPURANA,-6.434032088,-75.66683632
SAN MARTIN,SAN MARTIN,PAPAPLAYA,-6.242804538,-75.63821117
SAN MARTIN,RIOJA,RIOJA,-6.078688369,-77.20989533
SAN MARTIN,RIOJA,ELIAS SOPLIN VARGAS,-6.046388883,-77.29729633
SAN MARTIN,RIOJA,NUEVA CAJAMARCA,-5.944357152,-77.37224524
SAN MARTIN,RIOJA,POSIC,-5.982820406,-77.1721679
SAN MARTIN,MOYOBAMBA,YANTALO,-5.963782466,-77.0663736
SAN MARTIN,RIOJA,YURACYACU,-5.935386756,-77.23276709
SAN MARTIN,RIOJA,AWAJUN,-5.85918841,-77.43650731
LIMA,HUAROCHIRI,LANGA,-12.15927951,-76.37567972
LIMA,HUAROCHIRI,LARAOS,-11.58518262,-76.53170355
LIMA,HUAROCHIRI,SAN ANDRES DE TUPICOCHA,-11.98806087,-76.45803866
LIMA,HUAROCHIRI,SAN ANTONIO,-11.81664912,-76.77355958
LIMA,HUAROCHIRI,SAN DAMIAN,-11.96447098,-76.33298991
LIMA,HUAROCHIRI,SAN JUAN DE TANTARANCHE,-11.99292483,-76.15698982
LIMA,HUAROCHIRI,SAN LORENZO DE QUINTI,-12.10894478,-76.11885495
LIMA,HUAROCHIRI,SAN PEDRO DE CASTA,-11.7650408,-76.55512272
LIMA,HUAROCHIRI,SANTA CRUZ DE COCACHACRA,-11.92596979,-76.56077006
LIMA,HUAROCHIRI,SANTA EULALIA,-11.85835043,-76.64899142
LIMA,HUAROCHIRI,SURCO,-11.87711226,-76.44535794
LIMA,CANTA,ARAHUAY,-11.64071224,-76.67510491
LIMA,CAÑETE,LUNAHUANA,-13.01933334,-76.11738239
LIMA,CAÑETE,PACARAN,-12.89790226,-76.0704285
LIMA,CAÑETE,ZUÑIGA,-12.82986655,-76.01406295
LIMA,HUARAL,IHUARI,-11.1872835,-76.9608768
CAJAMARCA,SANTA CRUZ,UTICYACU,-6.614700547,-78.79053796
CAJAMARCA,SAN IGNACIO,TABACONAS,-5.324343789,-79.21512494
LAMBAYEQUE,FERREÑAFE,CAÑARIS,-6.060241811,-79.30472359
LAMBAYEQUE,CHICLAYO,PATAPO,-6.708931201,-79.58575429
LAMBAYEQUE,FERREÑAFE,MANUEL ANTONIO MESONES MURO,-6.635332513,-79.68283022
LAMBAYEQUE,LAMBAYEQUE,CHOCHOPE,-6.155232492,-79.61359027
LAMBAYEQUE,LAMBAYEQUE,MORROPE,-6.506150326,-80.17900024
PIURA,PAITA,VICHAYAL,-4.838434003,-81.10729974
PIURA,HUANCABAMBA,HUARMACA,-5.694704036,-79.56122015
PIURA,SECHURA,CRISTO NOS VALGA,-5.535190548,-80.64102785
PIURA,SECHURA,RINCONADA LLICUAR,-5.482079668,-80.77435504
PIURA,SECHURA,BELLAVISTA DE LA UNION,-5.426517049,-80.74289933
PIURA,HUANCABAMBA,SAN MIGUEL DE EL FAIQUE,-5.4246317,-79.60508024
PIURA,MORROPON,SALITRAL,-5.437054561,-79.82770468
PIURA,SECHURA,VICE,-5.438623192,-80.87454399
PIURA,MORROPON,SAN JUAN DE BIGOTE,-5.295891955,-79.74124259
ICA,ICA,SUBTANJALLA,-14.04815686,-75.89323858
ICA,ICA,TATE,-14.15155359,-75.70325825
ICA,ICA,YAUCA DEL ROSARIO,-14.10068185,-75.43415222
ICA,ICA,ICA,-14.21385646,-75.90665637
ICA,PISCO,PARACAS,-14.04706311,-76.15775284
MOQUEGUA,MARISCAL NIETO,CARUMAS,-16.72843058,-70.37141556
MOQUEGUA,MARISCAL NIETO,CUCHUMBAYA,-16.76865367,-70.66762862
MOQUEGUA,GENERAL SANCHEZ CERRO,MATALAQUE,-16.5286762,-70.83655617
MOQUEGUA,GENERAL SANCHEZ CERRO,UBINAS,-16.21746147,-70.80515689
MOQUEGUA,GENERAL SANCHEZ CERRO,YUNGA,-16.22760855,-70.66001627
MOQUEGUA,ILO,ILO,-17.71412829,-71.2169898
MOQUEGUA,ILO,EL ALGARROBAL,-17.58303608,-71.1415318
MOQUEGUA,ILO,PACOCHA,-17.43945085,-71.35943628
TACNA,TACNA,INCLAN,-17.68116481,-70.42356526
TACNA,TACNA,CORONEL GREGORIO ALBARRACIN LANCHIPA,-18.10766935,-70.24094516
TACNA,CANDARAVE,CAIRANI,-17.18782902,-70.34082337
TACNA,CANDARAVE,HUANUARA,-17.30853602,-70.33046362
TACNA,TARATA,TICACO,-17.33475295,-69.9635995
LA LIBERTAD,JULCAN,CALAMARCA,-8.12034237,-78.3807799
LA LIBERTAD,JULCAN,CARABAMBA,-8.146577226,-78.58201525
LA LIBERTAD,JULCAN,HUASO,-8.261590156,-78.44053022
LA LIBERTAD,PACASMAYO,PACASMAYO,-7.399806273,-79.5478074
LA LIBERTAD,PATAZ,TAYABAMBA,-8.314247591,-77.25635296
LA LIBERTAD,PATAZ,HUAYLILLAS,-8.190404767,-77.29370681
LA LIBERTAD,PATAZ,HUAYO,-8.034943916,-77.59224155
LA LIBERTAD,BOLIVAR,BAMBAMARCA,-7.464636075,-77.68833977
LA LIBERTAD,BOLIVAR,UCHUMARCA,-7.026100659,-77.80588601
LA LIBERTAD,OTUZCO,PARANDAY,-7.8884111,-78.69890899
LA LIBERTAD,OTUZCO,SINSICAP,-7.754491889,-78.77919197
LA LIBERTAD,TRUJILLO,LAREDO,-8.105264253,-78.85509025
LA LIBERTAD,SANCHEZ CARRION,COCHORCO,-7.821588535,-77.69608274
LA LIBERTAD,PATAZ,URPAY,-8.328181848,-77.37555667
LA LIBERTAD,SANCHEZ CARRION,MARCABAL,-7.6849141,-77.94168389
UCAYALI,PURUS,PURUS,-10.3734951,-71.5823157
UCAYALI,PADRE ABAD,PADRE ABAD,-8.898609983,-75.62595482
UCAYALI,PADRE ABAD,CURIMANA,-8.417379937,-75.2971129
UCAYALI,CORONEL PORTILLO,YARINACOCHA,-8.248481013,-74.65669036
CAJAMARCA,SAN MARCOS,ICHOCAN,-7.406082445,-78.05979126
CAJAMARCA,CAJAMARCA,ENCAÑADA,-6.985220412,-78.40292039
CAJAMARCA,CELENDIN,OXAMARCA,-7.059294671,-78.06134364
CAJAMARCA,CELENDIN,SOROCHUCO,-6.934215754,-78.29718328
LIMA,LIMA,CHORRILLOS,-12.19264629,-77.00598629
JUNIN,JAUJA,JAUJA,-11.77408544,-75.49113753
AREQUIPA,ISLAY,DEAN VALDIVIA,-17.09800285,-71.82941834
AREQUIPA,CAYLLOMA,CHIVAY,-15.64009458,-71.55014768
AREQUIPA,CAYLLOMA,CAYLLOMA,-15.15168944,-71.79661511
AREQUIPA,LA UNION,SAYLA,-15.32498208,-73.24533331
AREQUIPA,CARAVELI,CARAVELI,-15.82917855,-73.33181787
AREQUIPA,CARAVELI,ATIQUIPA,-15.68920087,-74.30367953
AREQUIPA,CARAVELI,CHALA,-15.76950097,-74.18974299
AREQUIPA,CARAVELI,HUANUHUANU,-15.55574136,-74.06282681
PIURA,PAITA,ARENAL,-4.89957308,-81.03003692
PUNO,CHUCUITO,POMATA,-16.35666013,-69.28822218
PUNO,PUNO,PICHACANI,-16.23989561,-70.15845929
PUNO,PUNO,PLATERIA,-15.98096892,-69.86026377
ICA,ICA,PUEBLO NUEVO,-14.1245138,-75.67580854
AYACUCHO,HUANTA,LURICOCHA,-12.86081072,-74.27443189
AYACUCHO,LA MAR,SANTA ROSA,-12.76462481,-73.7892999
AYACUCHO,HUANTA,LLOCHEGUA,-12.44443805,-74.08254406
AYACUCHO,LA MAR,SAMUGARI,-12.86029853,-73.72074265
CUSCO,QUISPICANCHI,CCATCA,-13.60037812,-71.50576304
CUSCO,CUSCO,CUSCO,-13.49253992,-71.98762279
HUANCAVELICA,HUAYTARA,TAMBO,-13.58971632,-75.17626182
APURIMAC,GRAU,CURASCO,-14.10277991,-72.5320377
APURIMAC,GRAU,CURPAHUASI,-13.96887856,-72.64981928
APURIMAC,GRAU,HUAYLLATI,-13.96649094,-72.4958242
LORETO,MAYNAS,INDIANA,-3.829159108,-72.85633339
LORETO,MAYNAS,LAS AMAZONAS,-3.568367068,-72.52892156
LORETO,MAYNAS,NAPO,-2.099119885,-74.40713504
LORETO,ALTO AMAZONAS,JEBEROS,-5.296860199,-76.20497976
LORETO,ALTO AMAZONAS,TENIENTE CESAR LOPEZ ROJAS,-5.987711728,-75.82204465
LORETO,MAYNAS,PUNCHANA,-3.538675443,-73.4544453
LORETO,MAYNAS,SAN JUAN BAUTISTA,-4.149064844,-73.66589881
LORETO,DATEM DEL MARAÑON,ANDOAS,-3.274405416,-76.67241378
CAJAMARCA,JAEN,LAS PIRIAS,-5.636342223,-78.84959016
TACNA,CANDARAVE,QUILAHUANI,-17.33287563,-70.25681958
TACNA,TARATA,TARATA,-17.3770325,-69.75135555
TACNA,TARATA,ESTIQUE-PAMPA,-17.61252134,-70.11384824
TACNA,TARATA,SITAJARA,-17.39456856,-70.15338899
TACNA,TARATA,SUSAPAYA,-17.2245657,-70.04667723
LA LIBERTAD,CHEPEN,CHEPEN,-7.228527289,-79.3538432
LA LIBERTAD,CHEPEN,PUEBLO NUEVO,-7.192247207,-79.58629041
ANCASH,RECUAY,TICAPAMPA,-9.737832602,-77.39228469
LA LIBERTAD,TRUJILLO,FLORENCIA DE MORA,-8.082429527,-79.02140947
CAJAMARCA,CUTERVO,PIMPINGOS,-6.070897049,-78.76829156
APURIMAC,ANDAHUAYLAS,HUANCARAMA,-13.65686311,-73.0283087
MADRE DE DIOS,TAMBOPATA,TAMBOPATA,-12.04857992,-70.28459175
MADRE DE DIOS,MANU,FITZCARRALD,-11.850404,-71.63466265
PUNO,CARABAYA,COASA,-13.64336823,-69.89748198
PUNO,SANDIA,LIMBANI,-13.77842905,-69.60743278
PUNO,SANDIA,SAN PEDRO DE PUTINA PUNCO,-13.54863449,-69.14799049
PUNO,CARABAYA,AYAPATA,-13.50108419,-70.24353797
PUNO,CARABAYA,SAN GABAN,-13.52405164,-70.39487063
LIMA,YAUYOS,COLONIA,-12.58427033,-75.84598055
LIMA,CAÑETE,SAN VICENTE DE CAÑETE,-13.17193731,-76.257567
LAMBAYEQUE,CHICLAYO,REQUE,-6.863482437,-79.79419288
AREQUIPA,CONDESUYOS,CAYARANI,-15.01471324,-72.28913878
AREQUIPA,CONDESUYOS,CHICHAS,-15.53451185,-72.94573812
AREQUIPA,CONDESUYOS,RIO GRANDE,-15.88087975,-73.12663168
PIURA,MORROPON,SANTA CATALINA DE MOSSA,-5.125784029,-79.87561804
PUNO,SAN ROMAN,CARACOTO,-15.55746567,-70.08790148
PUNO,HUANCANE,INCHUPALLA,-15.00086088,-69.64460921
AMAZONAS,RODRIGUEZ DE MENDOZA,SANTA ROSA,-6.455234177,-77.45841644
AMAZONAS,CHACHAPOYAS,LEVANTO,-6.314297222,-77.86455376
PASCO,DANIEL ALCIDES CARRION,SANTA ANA DE TUSI,-10.47883133,-76.3232547
PASCO,OXAPAMPA,CHONTABAMBA,-10.62331291,-75.50633924
PASCO,OXAPAMPA,PALCAZU,-10.23435894,-75.27614119
PASCO,PASCO,HUACHON,-10.57425225,-75.78548764
APURIMAC,ANDAHUAYLAS,JOSE MARIA ARGUEDAS,-13.80925512,-73.32396371
LA LIBERTAD,SANTIAGO DE CHUCO,QUIRUVILCA,-8.014738672,-78.25111322
LIMA,CANTA,HUAMANTANGA,-11.55034706,-76.84381844
LIMA,CANTA,SAN BUENAVENTURA,-11.44050294,-76.66293859
LIMA,CANTA,SANTA ROSA DE QUIVES,-11.6710382,-76.84314809
LA LIBERTAD,PATAZ,PARCOY,-7.993239727,-77.50984716
LA LIBERTAD,PATAZ,PIAS,-7.893678468,-77.48744981
LA LIBERTAD,PATAZ,SANTIAGO DE CHALLAS,-8.427066029,-77.37147416
LA LIBERTAD,PATAZ,TAURIJA,-8.279441051,-77.43316069
AMAZONAS,BONGARA,YAMBRASBAMBA,-5.524329293,-77.86054903
AMAZONAS,UTCUBAMBA,YAMON,-6.011997685,-78.52336764
AREQUIPA,CASTILLA,ANDAGUA,-15.48504657,-72.37681761
AREQUIPA,CASTILLA,CHOCO,-15.41413783,-72.06875483
LIMA,LIMA,SANTA MARIA DE HUACHIPA /1,-12.01057295,-76.93555157